Peptide,MHC,ImmunogenicityCont,Immunogenicity,Dataset
AAGLEAPFLY,HLA-A*01:01,Positive,Positive,CoV2_Eps
AAISDYDYY,HLA-A*01:01,Positive,Positive,CoV2_Eps
AEIRASANL,HLA-B*40:01,Positive,Positive,CoV2_Eps
AEIVDTVSAL,HLA-B*40:01,Negative,Negative,CoV2_Eps
AEWFLAYIL,HLA-B*40:01,Negative|Positive,Positive,CoV2_Eps
AFPFTIYSL,HLA-A*24:02,Negative,Negative,CoV2_Eps
AGFSLWVYK,HLA-A*11:01,Positive,Positive,CoV2_Eps
AIDAYPLTK,HLA-A*03:01,Negative,Negative,CoV2_Eps
AIDAYPLTK,HLA-A*11:01,Negative,Negative,CoV2_Eps
AIFYLITPV,HLA-A*02:01,Positive,Positive,CoV2_Eps
AIMQLFFSY,HLA-A*11:01,Positive,Positive,CoV2_Eps
AISDYDYYR,HLA-A*11:01,Positive,Positive,CoV2_Eps
AIVSTIQRK,HLA-A*03:01,Negative|Positive,Positive,CoV2_Eps
AIVSTIQRK,HLA-A*11:01,Negative,Negative,CoV2_Eps
ALAYYNTTK,HLA-A*03:01,Negative,Negative,CoV2_Eps
ALAYYNTTK,HLA-A*11:01,Negative,Negative,CoV2_Eps
ALCTFLLNK,HLA-A*03:01,Negative,Negative,CoV2_Eps
ALCTFLLNK,HLA-A*11:01,Negative|Positive,Positive,CoV2_Eps
ALDPLSETK,HLA-A*03:01,Positive,Positive,CoV2_Eps
ALGGSVAIK,HLA-A*03:01,Negative,Negative,CoV2_Eps
ALGGSVAIK,HLA-A*11:01,Negative,Negative,CoV2_Eps
ALKYLPIDK,HLA-A*03:01,Negative,Negative,CoV2_Eps
ALLADKFPV,HLA-A*02:01,Positive,Positive,CoV2_Eps
ALLAVFQSA,HLA-A*02:01,Positive,Positive,CoV2_Eps
ALLSDLQDL,HLA-A*02:01,Negative,Negative,CoV2_Eps
ALLTKSSEYK,HLA-A*03:01,Negative,Negative,CoV2_Eps
ALNLGETFV,HLA-A*02:01,Negative,Negative,CoV2_Eps
ALNTLVKQL,HLA-A*02:01,Negative|Positive,Positive,CoV2_Eps
ALNTPKDHI,HLA-A*02:01,Negative|Positive,Positive,CoV2_Eps
ALRANSAVK,HLA-A*03:01,Negative,Negative,CoV2_Eps
ALRKVPTDNY,HLA-B*15:01,Positive,Positive,CoV2_Eps
ALSKGVHFV,HLA-A*02:01,Negative|Positive,Positive,CoV2_Eps
ALWEIQQVV,HLA-A*02:01,Negative|Positive,Positive,CoV2_Eps
AMRPNFTIK,HLA-A*03:01,Negative,Negative,CoV2_Eps
APHGVVFLHV,HLA-B*07:02,Positive,Positive,CoV2_Eps
APLLSAGIF,HLA-B*07:02,Negative,Negative,CoV2_Eps
APSASAFFGM,HLA-B*07:02,Positive,Positive,CoV2_Eps
APYIVGDVV,HLA-B*07:02,Negative,Negative,CoV2_Eps
AQCFKMFYK,HLA-A*11:01,Negative,Negative,CoV2_Eps
AQFAPSASA,HLA-A*02:01,Negative|Positive,Positive,CoV2_Eps
AQFAPSASAF,HLA-A*24:02,Positive,Positive,CoV2_Eps
ASAFFGMSR,HLA-A*11:01,Negative|Positive,Positive,CoV2_Eps
ASANLAATK,HLA-A*03:01,Negative,Negative,CoV2_Eps
ASANLAATK,HLA-A*11:01,Negative,Negative,CoV2_Eps
ASCDAIMTR,HLA-A*11:01,Negative,Negative,CoV2_Eps
ASKIITLKK,HLA-A*03:01,Negative,Negative,CoV2_Eps
ASKIITLKK,HLA-A*11:01,Negative,Negative,CoV2_Eps
ASMPTTIAK,HLA-A*03:01,Negative,Negative,CoV2_Eps
ASMPTTIAK,HLA-A*11:01,Negative|Positive,Positive,CoV2_Eps
ASVYAWNRK,HLA-A*11:01,Positive,Positive,CoV2_Eps
ATAEAELAK,HLA-A*03:01,Negative,Negative,CoV2_Eps
ATAEAELAK,HLA-A*11:01,Negative,Negative,CoV2_Eps
ATEETFKLSY,HLA-A*01:01,Negative,Negative,CoV2_Eps
ATEGALNTPK,HLA-A*11:01,Negative|Positive,Positive,CoV2_Eps
ATSRTLSYY,HLA-A*01:01,Negative|Positive,Positive,CoV2_Eps
ATSRTLSYY,HLA-A*11:01,Negative|Positive,Positive,CoV2_Eps
ATSRTLSYYK,HLA-A*11:01,Positive,Positive,CoV2_Eps
ATVVIGTSK,HLA-A*03:01,Negative,Negative,CoV2_Eps
ATVVIGTSK,HLA-A*11:01,Negative|Positive,Positive,CoV2_Eps
AVAKHDFFK,HLA-A*03:01,Negative,Negative,CoV2_Eps
AVAKHDFFK,HLA-A*11:01,Negative,Negative,CoV2_Eps
AVASKILGL,HLA-A*02:01,Positive,Positive,CoV2_Eps
AVFDKNLYDK,HLA-A*03:01,Positive,Positive,CoV2_Eps
AVFDKNLYDK,HLA-A*11:01,Positive,Positive,CoV2_Eps
AVLDMCASLK,HLA-A*11:01,Negative,Negative,CoV2_Eps
AVLQSGFRK,HLA-A*03:01,Negative,Negative,CoV2_Eps
AVLQSGFRK,HLA-A*11:01,Negative,Negative,CoV2_Eps
AVMYMGTLSY,HLA-A*03:01,Negative,Negative,CoV2_Eps
AWPLIVTAL,HLA-A*24:02,Positive,Positive,CoV2_Eps
AYANRNRFL,HLA-A*24:02,Positive,Positive,CoV2_Eps
AYANSVFNI,HLA-A*24:02,Negative,Negative,CoV2_Eps
AYILFTRFF,HLA-A*02:01,Negative,Negative,CoV2_Eps
AYILFTRFF,HLA-A*24:02,Negative|Positive,Positive,CoV2_Eps
AYSNNSIAI,HLA-A*24:02,Positive,Positive,CoV2_Eps
AYVDNSSLTI,HLA-A*24:02,Positive,Positive,CoV2_Eps
AYVNTFSSTF,HLA-A*24:02,Negative|Positive,Positive,CoV2_Eps
CLEASFNYL,HLA-A*02:01,Positive,Positive,CoV2_Eps
CNDPFLGVY,HLA-A*01:01,Positive,Positive,CoV2_Eps
CTDDNALAY,HLA-A*01:01,Negative|Positive,Positive,CoV2_Eps
CTDDNALAYY,HLA-A*01:01,Negative|Positive,Positive,CoV2_Eps
CVADYSVLY,HLA-A*01:01,Positive,Positive,CoV2_Eps
CVADYSVLY,HLA-A*26:01,Positive,Positive,CoV2_Eps
CVADYSVLY,HLA-B*15:01,Positive,Positive,CoV2_Eps
DASGKPVPY,HLA-B*35:01,Positive,Positive,CoV2_Eps
DDYQGKPLEF,HLA-A*24:02,Positive,Positive,CoV2_Eps
DLDDFSKQL,HLA-A*02:01,Negative,Negative,CoV2_Eps
DSAEVAVKM,HLA-A*26:01,Positive,Positive,CoV2_Eps
DSCNNYMLTY,HLA-A*01:01,Positive,Positive,CoV2_Eps
DSKVGGNYNY,HLA-A*26:01,Positive,Positive,CoV2_Eps
DTDFVNEFY,HLA-A*01:01,Negative|Positive,Positive,CoV2_Eps
DTFCAGSTF,HLA-A*26:01,Positive,Positive,CoV2_Eps
DTIANYAKPF,HLA-A*26:01,Positive,Positive,CoV2_Eps
DVFYKENSY,HLA-A*26:01,Positive,Positive,CoV2_Eps
DVLLPLTQY,HLA-B*35:01,Positive,Positive,CoV2_Eps
DVVAIDYKHY,HLA-A*26:01,Positive,Positive,CoV2_Eps
DYKHYTPSF,HLA-A*24:02,Negative|Positive,Positive,CoV2_Eps
DYQGKPLEF,HLA-A*24:02,Negative,Negative,CoV2_Eps
DYVYNPFMI,HLA-A*24:02,Negative,Negative,CoV2_Eps
DYYQLYSTQL,HLA-A*24:02,Positive,Positive,CoV2_Eps
EIDPKLDNY,HLA-A*01:01,Positive,Positive,CoV2_Eps
EIDPKLDNY,HLA-A*26:01,Positive,Positive,CoV2_Eps
EIKESVQTF,HLA-B*15:01,Positive,Positive,CoV2_Eps
EILDITPCSF,HLA-A*26:01,Positive,Positive,CoV2_Eps
EILPVSMTK,HLA-A*03:01,Positive,Positive,CoV2_Eps
ELDERIDKV,HLA-A*02:01,Positive,Positive,CoV2_Eps
ELIRQGTDY,HLA-A*26:01,Positive,Positive,CoV2_Eps
ELLHAPATV,HLA-A*02:01,Positive,Positive,CoV2_Eps
EPVLKGVKL,HLA-B*07:02,Positive,Positive,CoV2_Eps
ETIQITISSF,HLA-A*26:01,Positive,Positive,CoV2_Eps
ETKCTLKSF,HLA-A*26:01,Positive,Positive,CoV2_Eps
EVARDLSLQF,HLA-A*26:01,Positive,Positive,CoV2_Eps
EVAVKMFDAY,HLA-A*26:01,Positive,Positive,CoV2_Eps
EVFAQVKQIY,HLA-A*26:01,Positive,Positive,CoV2_Eps
EWFLAYILF,HLA-A*24:02,Positive,Positive,CoV2_Eps
EWSMATYYLF,HLA-A*24:02,Negative,Negative,CoV2_Eps
EYHDVRVVL,HLA-A*24:02,Positive,Positive,CoV2_Eps
EYVSQPFLM,HLA-A*24:02,Negative|Positive,Positive,CoV2_Eps
FAMQMAYRF,HLA-B*35:01,Positive,Positive,CoV2_Eps
FAPSASAFF,HLA-B*35:01,Positive,Positive,CoV2_Eps
FAVDAAKAYK,HLA-A*03:01,Negative,Negative,CoV2_Eps
FAVDAAKAYK,HLA-A*11:01,Negative,Negative,CoV2_Eps
FAVSKGFFK,HLA-A*11:01,Positive,Positive,CoV2_Eps
FAYANRNRF,HLA-B*15:01,Positive,Positive,CoV2_Eps
FAYANRNRF,HLA-B*35:01,Positive,Positive,CoV2_Eps
FDEDDSEPVL,HLA-B*40:01,Positive,Positive,CoV2_Eps
FELDERIDKV,HLA-A*02:01,Positive,Positive,CoV2_Eps
FELLHAPATV,HLA-A*02:01,Positive,Positive,CoV2_Eps
FERDISTEI,HLA-B*40:01,Positive,Positive,CoV2_Eps
FERDISTEIY,HLA-B*15:01,Positive,Positive,CoV2_Eps
FEYVSQPFLM,HLA-B*40:01,Positive,Positive,CoV2_Eps
FFASFYYVW,HLA-A*24:02,Negative,Negative,CoV2_Eps
FGDDTVIEV,HLA-A*02:01,Positive,Positive,CoV2_Eps
FGEYSHVVAF,HLA-B*40:01,Positive,Positive,CoV2_Eps
FIAGLIAIV,HLA-A*02:01,Negative|Positive,Positive,CoV2_Eps
FIDTKRGVY,HLA-A*01:01,Negative,Negative,CoV2_Eps
FIERYKLEGY,HLA-A*01:01,Positive,Positive,CoV2_Eps
FIRQEEVQEL,HLA-A*02:01,Negative,Negative,CoV2_Eps
FLAFVVFLL,HLA-A*02:01,Negative|Positive,Positive,CoV2_Eps
FLAFVVFLLV,HLA-A*02:01,Negative,Negative,CoV2_Eps
FLAHIQWMV,HLA-A*02:01,Negative|Positive,Positive,CoV2_Eps
FLALCADSI,HLA-A*02:01,Positive,Positive,CoV2_Eps
FLARGIVFM,HLA-A*02:01,Positive,Positive,CoV2_Eps
FLFLTWICL,HLA-A*02:01,Negative|Positive,Positive,CoV2_Eps
FLKKDAPYI,HLA-A*02:01,Negative,Negative,CoV2_Eps
FLLNKEMYL,HLA-A*02:01,Negative|Positive,Positive,CoV2_Eps
FLLPSLATV,HLA-A*02:01,Negative|Positive,Positive,CoV2_Eps
FLLPSLATVA,HLA-A*02:01,Positive,Positive,CoV2_Eps
FLLVTLAIL,HLA-A*02:01,Negative|Positive,Positive,CoV2_Eps
FLNRFTTTL,HLA-A*02:01,Negative,Negative,CoV2_Eps
FLPGVYSVIY,HLA-A*02:01,Negative,Negative,CoV2_Eps
FLPRVFSAV,HLA-A*02:01,Negative|Positive,Positive,CoV2_Eps
FLTENLLLY,HLA-A*01:01,Negative,Negative,CoV2_Eps
FLTENLLLYI,HLA-A*02:01,Positive,Positive,CoV2_Eps
FLVQAGNVQL,HLA-A*02:01,Negative,Negative,CoV2_Eps
FLWLLWPVTL,HLA-A*02:01,Negative|Positive,Positive,CoV2_Eps
FLYENAFLP,HLA-A*02:01,Positive,Positive,CoV2_Eps
FLYENAFLPF,HLA-B*15:01,Negative,Negative,CoV2_Eps
FLYIIKLIFL,HLA-A*02:01,Negative,Negative,CoV2_Eps
FLYLYALVY,HLA-B*15:01,Negative,Negative,CoV2_Eps
FPFTIYSLLL,HLA-B*07:02,Negative,Negative,CoV2_Eps
FPLKLRGTA,HLA-B*07:02,Positive,Positive,CoV2_Eps
FPQSAPHGV,HLA-B*07:02,Positive,Positive,CoV2_Eps
FPRGQGVPI,HLA-B*07:02,Negative|Positive,Positive,CoV2_Eps
FQFCNDPFL,HLA-A*02:01,Positive,Positive,CoV2_Eps
FSAVGNICY,HLA-A*01:01,Negative|Positive,Positive,CoV2_Eps
FSNSGSDVLY,HLA-A*01:01,Negative,Negative,CoV2_Eps
FTDGVCLFW,HLA-A*01:01,Positive,Positive,CoV2_Eps
FTISVTTEI,HLA-A*02:01,Positive,Positive,CoV2_Eps
FTISVTTEI,HLA-A*26:01,Positive,Positive,CoV2_Eps
FTSDYYQLY,HLA-A*01:01,Negative|Positive,Positive,CoV2_Eps
FTSDYYQLY,HLA-A*24:02,Positive,Positive,CoV2_Eps
FVAAIFYLI,HLA-A*02:01,Positive,Positive,CoV2_Eps
FVDGVPFVV,HLA-A*02:01,Positive,Positive,CoV2_Eps
FVFKNIDGY,HLA-A*26:01,Positive,Positive,CoV2_Eps
FVFLVLLPL,HLA-A*02:01,Positive,Positive,CoV2_Eps
FVLAAVYRI,HLA-A*02:01,Positive,Positive,CoV2_Eps
FVNEFYAYL,HLA-A*02:01,Positive,Positive,CoV2_Eps
FVSNGTHWF,HLA-A*26:01,Positive,Positive,CoV2_Eps
FVSNGTHWF,HLA-B*35:01,Positive,Positive,CoV2_Eps
FVTVYSHLL,HLA-A*02:01,Positive,Positive,CoV2_Eps
FVVEVVDKY,HLA-B*15:01,Positive,Positive,CoV2_Eps
FYAYLRKHF,HLA-A*24:02,Positive,Positive,CoV2_Eps
FYGGWHNML,HLA-A*24:02,Negative,Negative,CoV2_Eps
FYLTNDVSF,HLA-A*02:01,Negative,Negative,CoV2_Eps
FYLTNDVSF,HLA-A*24:02,Negative,Negative,CoV2_Eps
FYVYSRVKNL,HLA-A*24:02,Negative|Positive,Positive,CoV2_Eps
GAMDTTSYR,HLA-A*11:01,Negative,Negative,CoV2_Eps
GEAANFCAL,HLA-B*40:01,Positive,Positive,CoV2_Eps
GETLPTEVL,HLA-B*40:01,Negative|Positive,Positive,CoV2_Eps
GEVFNATRF,HLA-B*40:01,Positive,Positive,CoV2_Eps
GEVITFDNL,HLA-B*40:01,Positive,Positive,CoV2_Eps
GFMWLSYFI,HLA-A*02:01,Positive,Positive,CoV2_Eps
GLEAPFLYL,HLA-A*02:01,Positive,Positive,CoV2_Eps
GLLPPKNSI,HLA-A*02:01,Positive,Positive,CoV2_Eps
GLMWLSYFI,HLA-A*02:01,Negative|Positive,Positive,CoV2_Eps
GLMWLSYFV,HLA-A*02:01,Negative,Negative,CoV2_Eps
GLNDNLLEIL,HLA-A*02:01,Negative,Negative,CoV2_Eps
GLQPSVGPK,HLA-A*03:01,Negative,Negative,CoV2_Eps
GLTVLPPLL,HLA-A*02:01,Positive,Positive,CoV2_Eps
GLVEVEKGV,HLA-A*02:01,Negative,Negative,CoV2_Eps
GMSRIGMEV,HLA-A*02:01,Negative|Positive,Positive,CoV2_Eps
GNYNYLYRLF,HLA-A*24:02,Positive,Positive,CoV2_Eps
GPKKSTNLV,HLA-B*07:02,Negative,Negative,CoV2_Eps
GTDLEGNFY,HLA-A*01:01,Positive,Positive,CoV2_Eps
GTGPEAGLPY,HLA-A*01:01,Negative,Negative,CoV2_Eps
GTHWFVTQR,HLA-A*11:01,Positive,Positive,CoV2_Eps
GTITSGWTF,HLA-A*24:02,Negative|Positive,Positive,CoV2_Eps
GTITVEELK,HLA-A*11:01,Negative,Negative,CoV2_Eps
GTITVEELKK,HLA-A*11:01,Negative,Negative,CoV2_Eps
GTLSYEQFK,HLA-A*11:01,Negative,Negative,CoV2_Eps
GTSTDVVYR,HLA-A*11:01,Negative,Negative,CoV2_Eps
GVAMPNLYK,HLA-A*03:01,Negative,Negative,CoV2_Eps
GVAMPNLYK,HLA-A*11:01,Negative,Negative,CoV2_Eps
GVKHVYQLR,HLA-A*11:01,Negative,Negative,CoV2_Eps
GVYDYLVST,HLA-A*02:01,Positive,Positive,CoV2_Eps
GVYFASTEK,HLA-A*03:01,Positive,Positive,CoV2_Eps
GVYFASTEK,HLA-A*11:01,Positive,Positive,CoV2_Eps
GVYYHKNNK,HLA-A*03:01,Negative|Positive,Positive,CoV2_Eps
GVYYHKNNK,HLA-A*11:01,Negative|Positive,Positive,CoV2_Eps
GVYYPDKVFR,HLA-A*03:01,Positive,Positive,CoV2_Eps
GYINVFAFPF,HLA-A*24:02,Negative,Negative,CoV2_Eps
GYLQPRTFL,HLA-A*24:02,Positive,Positive,CoV2_Eps
GYLQPRTFLL,HLA-A*24:02,Positive,Positive,CoV2_Eps
HFISNSWLMW,HLA-A*24:02,Positive,Positive,CoV2_Eps
HLMGWDYPK,HLA-A*11:01,Negative,Negative,CoV2_Eps
HLMSFPQSA,HLA-A*02:01,Negative|Positive,Positive,CoV2_Eps
HLVDFQVTI,HLA-A*02:01,Negative|Positive,Positive,CoV2_Eps
HLVDFQVTIA,HLA-A*02:01,Positive,Positive,CoV2_Eps
HLYLQYIRK,HLA-A*03:01,Negative,Negative,CoV2_Eps
HLYLQYIRK,HLA-A*11:01,Negative,Negative,CoV2_Eps
HLYLQYIRK,HLA-A*24:02,Negative,Negative,CoV2_Eps
HPLADNKFAL,HLA-B*07:02,Negative,Negative,CoV2_Eps
HPNPKGFCDL,HLA-B*07:02,Negative,Negative,CoV2_Eps
HPTQAPTHL,HLA-B*07:02,Negative,Negative,CoV2_Eps
HSWNADLYK,HLA-A*11:01,Negative,Negative,CoV2_Eps
HVDTDLTKPY,HLA-A*01:01,Positive,Positive,CoV2_Eps
HVGEIPVAY,HLA-B*15:01,Positive,Positive,CoV2_Eps
HVVGPNVNK,HLA-A*03:01,Negative,Negative,CoV2_Eps
HVVGPNVNK,HLA-A*11:01,Negative,Negative,CoV2_Eps
HWFVTQRNF,HLA-A*24:02,Positive,Positive,CoV2_Eps
IAIPTNFTI,HLA-A*24:02,Negative,Negative,CoV2_Eps
IEVTPSGTWL,HLA-B*40:01,Negative,Negative,CoV2_Eps
IEYPIIGDEL,HLA-B*40:01,Positive,Positive,CoV2_Eps
IFFITGNTL,HLA-A*24:02,Positive,Positive,CoV2_Eps
IFLWLLWPV,HLA-A*02:01,Positive,Positive,CoV2_Eps
IIFWFSLEL,HLA-A*02:01,Positive,Positive,CoV2_Eps
IIIGGAKLK,HLA-A*03:01,Negative,Negative,CoV2_Eps
IINNTVYTK,HLA-A*03:01,Negative,Negative,CoV2_Eps
IINNTVYTK,HLA-A*11:01,Negative,Negative,CoV2_Eps
IIWFLLLSV,HLA-A*02:01,Positive,Positive,CoV2_Eps
IIWVATEGA,HLA-A*02:01,Positive,Positive,CoV2_Eps
ILFTRFFYV,HLA-A*02:01,Negative|Positive,Positive,CoV2_Eps
ILGLPTQTV,HLA-A*02:01,Positive,Positive,CoV2_Eps
ILLLDQALV,HLA-A*02:01,Negative,Negative,CoV2_Eps
ILLNKHIDA,HLA-A*02:01,Negative|Positive,Positive,CoV2_Eps
ILMTARTVY,HLA-B*15:01,Positive,Positive,CoV2_Eps
ILPDPLKPT,HLA-A*02:01,Positive,Positive,CoV2_Eps
ILSPLYAFA,HLA-A*02:01,Positive,Positive,CoV2_Eps
ILTSLLVLV,HLA-A*02:01,Negative|Positive,Positive,CoV2_Eps
IMASLVLAR,HLA-A*03:01,Negative,Negative,CoV2_Eps
IPARARVEC,HLA-B*07:02,Positive,Positive,CoV2_Eps
IPARARVECF,HLA-B*07:02,Negative|Positive,Positive,CoV2_Eps
IPFAMQMAY,HLA-B*35:01,Positive,Positive,CoV2_Eps
IPIQASLPF,HLA-B*07:02,Negative,Negative,CoV2_Eps
IPIQASLPF,HLA-B*35:01,Positive,Positive,CoV2_Eps
IPLTTAAKL,HLA-B*07:02,Negative,Negative,CoV2_Eps
IPRRNVATL,HLA-B*07:02,Negative|Positive,Positive,CoV2_Eps
IPTITQMNL,HLA-B*07:02,Negative|Positive,Positive,CoV2_Eps
IPTNFTISV,HLA-B*07:02,Negative|Positive,Positive,CoV2_Eps
IPVAYRKVLL,HLA-B*07:02,Positive,Positive,CoV2_Eps
IQITISSFK,HLA-A*03:01,Negative|Positive,Positive,CoV2_Eps
IQITISSFK,HLA-A*11:01,Negative,Negative,CoV2_Eps
IQLSSYSLF,HLA-A*24:02,Positive,Positive,CoV2_Eps
IQYIDIGNY,HLA-B*15:01,Negative,Negative,CoV2_Eps
ISDYDYYRY,HLA-A*01:01,Negative,Negative,CoV2_Eps
ITILDGISQY,HLA-B*15:01,Positive,Positive,CoV2_Eps
ITPVHVMSK,HLA-A*03:01,Negative,Negative,CoV2_Eps
ITPVHVMSK,HLA-A*11:01,Negative,Negative,CoV2_Eps
IVAGGIVAI,HLA-A*02:01,Negative|Positive,Positive,CoV2_Eps
IVDTVSALVY,HLA-A*01:01,Positive,Positive,CoV2_Eps
IYKTPPIKDF,HLA-A*24:02,Negative,Negative,CoV2_Eps
IYLYLTFYL,HLA-A*24:02,Negative|Positive,Positive,CoV2_Eps
IYNDKVAGF,HLA-A*24:02,Negative,Negative,CoV2_Eps
IYQTSNFRV,HLA-A*24:02,Negative|Positive,Positive,CoV2_Eps
KAYNVTQAF,HLA-A*24:02,Negative,Negative,CoV2_Eps
KAYNVTQAF,HLA-B*35:01,Positive,Positive,CoV2_Eps
KCYGVSPTK,HLA-A*03:01,Positive,Positive,CoV2_Eps
KEIDRLNEV,HLA-B*40:01,Positive,Positive,CoV2_Eps
KFPRGQGVPI,HLA-B*07:02,Negative,Negative,CoV2_Eps
KFTDGVCLF,HLA-A*24:02,Negative,Negative,CoV2_Eps
KHIDAYKTF,HLA-A*24:02,Negative,Negative,CoV2_Eps
KHWPQIAQF,HLA-A*24:02,Negative,Negative,CoV2_Eps
KIADYNYKL,HLA-A*02:01,Negative|Positive,Positive,CoV2_Eps
KIAEIPKEEV,HLA-A*02:01,Positive,Positive,CoV2_Eps
KIEELFYSY,HLA-B*15:01,Positive,Positive,CoV2_Eps
KIFPPTEPK,HLA-A*11:01,Positive,Positive,CoV2_Eps
KIFVDGVPFV,HLA-A*02:01,Negative|Positive,Positive,CoV2_Eps
KKPNELSRVL,HLA-B*07:02,Negative,Negative,CoV2_Eps
KLDDKDPNF,HLA-A*02:01,Positive,Positive,CoV2_Eps
KLDDKDPNFK,HLA-A*03:01,Negative,Negative,CoV2_Eps
KLFAAETLK,HLA-A*03:01,Negative|Positive,Positive,CoV2_Eps
KLFAAETLK,HLA-A*11:01,Negative,Negative,CoV2_Eps
KLFDRYFKY,HLA-A*03:01,Positive,Positive,CoV2_Eps
KLFDRYFKY,HLA-A*11:01,Negative,Negative,CoV2_Eps
KLFIRQEEV,HLA-A*02:01,Negative,Negative,CoV2_Eps
KLGSLVVRC,HLA-A*02:01,Positive,Positive,CoV2_Eps
KLIEYTDFA,HLA-A*02:01,Negative,Negative,CoV2_Eps
KLKDCVMYA,HLA-A*02:01,Negative|Positive,Positive,CoV2_Eps
KLKKSLNVAK,HLA-A*03:01,Negative,Negative,CoV2_Eps
KLLEQWNLV,HLA-A*02:01,Negative|Positive,Positive,CoV2_Eps
KLMPVCVET,HLA-A*02:01,Positive,Positive,CoV2_Eps
KLMPVCVETK,HLA-A*03:01,Negative,Negative,CoV2_Eps
KLNDLCFTNV,HLA-A*02:01,Positive,Positive,CoV2_Eps
KLNEEIAII,HLA-A*02:01,Negative|Positive,Positive,CoV2_Eps
KLNIKLLGV,HLA-A*02:01,Positive,Positive,CoV2_Eps
KLNVGDYFV,HLA-A*02:01,Positive,Positive,CoV2_Eps
KLPDDFMGCV,HLA-A*02:01,Negative,Negative,CoV2_Eps
KLPDDFTGCV,HLA-A*02:01,Negative|Positive,Positive,CoV2_Eps
KLSYGIATV,HLA-A*02:01,Negative|Positive,Positive,CoV2_Eps
KLVNKFLAL,HLA-A*02:01,Negative|Positive,Positive,CoV2_Eps
KLVSSFLEM,HLA-B*15:01,Positive,Positive,CoV2_Eps
KLWAQCVQL,HLA-A*02:01,Negative|Positive,Positive,CoV2_Eps
KMFDAYVNTF,HLA-A*24:02,Negative|Positive,Positive,CoV2_Eps
KMQRMLLEK,HLA-A*03:01,Negative,Negative,CoV2_Eps
KNLSDRVVFV,HLA-A*02:01,Positive,Positive,CoV2_Eps
KPANNSLKI,HLA-B*07:02,Negative,Negative,CoV2_Eps
KPNELSRVL,HLA-B*07:02,Positive,Positive,CoV2_Eps
KPRQKRTAT,HLA-B*07:02,Negative|Positive,Positive,CoV2_Eps
KPRSQMEIDF,HLA-B*07:02,Positive,Positive,CoV2_Eps
KPSFYVYSRV,HLA-B*07:02,Negative,Negative,CoV2_Eps
KPVPEVKIL,HLA-B*07:02,Negative,Negative,CoV2_Eps
KPYIKWDLL,HLA-B*07:02,Negative|Positive,Positive,CoV2_Eps
KQFDTYNLW,HLA-B*15:01,Positive,Positive,CoV2_Eps
KQGDDYVYL,HLA-A*02:01,Positive,Positive,CoV2_Eps
KSAAEASKK,HLA-A*03:01,Negative,Negative,CoV2_Eps
KSAAEASKK,HLA-A*11:01,Positive,Positive,CoV2_Eps
KSAGFPFNK,HLA-A*03:01,Negative|Positive,Positive,CoV2_Eps
KSAGFPFNK,HLA-A*11:01,Negative,Negative,CoV2_Eps
KTFPPIEPK,HLA-A*11:01,Positive,Positive,CoV2_Eps
KTFPPTEPK,HLA-A*03:01,Negative|Positive,Positive,CoV2_Eps
KTFPPTEPK,HLA-A*11:01,Positive,Positive,CoV2_Eps
KTFPPTEPKK,HLA-A*03:01,Negative|Positive,Positive,CoV2_Eps
KTFPPTEPKK,HLA-A*11:01,Positive,Positive,CoV2_Eps
KTIQPRVEK,HLA-A*03:01,Positive,Positive,CoV2_Eps
KTIQPRVEK,HLA-A*11:01,Positive,Positive,CoV2_Eps
KTLPPTEPK,HLA-A*11:01,Positive,Positive,CoV2_Eps
KTQFNYYKK,HLA-A*11:01,Negative,Negative,CoV2_Eps
KVAGFAKFLK,HLA-A*03:01,Negative,Negative,CoV2_Eps
KVAGFAKFLK,HLA-A*11:01,Negative|Positive,Positive,CoV2_Eps
KVDGVDVEL,HLA-A*02:01,Positive,Positive,CoV2_Eps
KVDGVVQQL,HLA-A*02:01,Positive,Positive,CoV2_Eps
KVFRSSVLH,HLA-A*03:01,Negative|Positive,Positive,CoV2_Eps
KVKYLYFIK,HLA-A*11:01,Negative,Negative,CoV2_Eps
KVSIWNLDY,HLA-B*15:01,Negative,Negative,CoV2_Eps
KVTKGKAKK,HLA-A*03:01,Negative,Negative,CoV2_Eps
KWPWYIWLGF,HLA-A*24:02,Negative|Positive,Positive,CoV2_Eps
KYTQLCQYL,HLA-A*24:02,Negative,Negative,CoV2_Eps
LADAGFIKQY,HLA-A*01:01,Negative|Positive,Positive,CoV2_Eps
LALLLLDRL,HLA-A*02:01,Negative|Positive,Positive,CoV2_Eps
LAMDEFIERY,HLA-A*01:01,Negative,Negative,CoV2_Eps
LEFGATSAAL,HLA-B*40:01,Positive,Positive,CoV2_Eps
LEMELTPVV,HLA-B*40:01,Positive,Positive,CoV2_Eps
LEYHDVRVVL,HLA-B*40:01,Negative|Positive,Positive,CoV2_Eps
LFARTRSMW,HLA-A*24:02,Negative,Negative,CoV2_Eps
LFLLPSLATV,HLA-A*02:01,Positive,Positive,CoV2_Eps
LGAENSVAY,HLA-B*35:01,Positive,Positive,CoV2_Eps
LGDVRETMSY,HLA-A*01:01,Positive,Positive,CoV2_Eps
LIDLQELGKY,HLA-A*01:01,Negative,Negative,CoV2_Eps
LITGRLQSL,HLA-A*02:01,Negative|Positive,Positive,CoV2_Eps
LLADKFPVL,HLA-A*02:01,Negative,Negative,CoV2_Eps
LLDDFVEII,HLA-A*02:01,Positive,Positive,CoV2_Eps
LLFNKVTLA,HLA-A*02:01,Negative|Positive,Positive,CoV2_Eps
LLIIMRTFK,HLA-A*11:01,Positive,Positive,CoV2_Eps
LLKDCPAVAK,HLA-A*03:01,Negative,Negative,CoV2_Eps
LLLDDFVEI,HLA-A*02:01,Positive,Positive,CoV2_Eps
LLLDDFVEII,HLA-A*02:01,Negative,Negative,CoV2_Eps
LLLDRLNQL,HLA-A*02:01,Negative|Positive,Positive,CoV2_Eps
LLLLDRLNQL,HLA-A*02:01,Negative|Positive,Positive,CoV2_Eps
LLMPLKAPK,HLA-A*11:01,Negative,Negative,CoV2_Eps
LLNKEMYLK,HLA-A*03:01,Negative,Negative,CoV2_Eps
LLNKEMYLK,HLA-A*11:01,Negative,Negative,CoV2_Eps
LLSAGIFGA,HLA-A*02:01,Negative,Negative,CoV2_Eps
LLTDEMIAQY,HLA-A*01:01,Positive,Positive,CoV2_Eps
LLWPVTLAC,HLA-A*02:01,Positive,Positive,CoV2_Eps
LLYDANYFL,HLA-A*02:01,Negative|Positive,Positive,CoV2_Eps
LMIERFVSL,HLA-A*02:01,Negative|Positive,Positive,CoV2_Eps
LPAADLDDF,HLA-B*35:01,Positive,Positive,CoV2_Eps
LPFAMGIIAM,HLA-B*07:02,Negative|Positive,Positive,CoV2_Eps
LPFNDGVYF,HLA-B*07:02,Negative|Positive,Positive,CoV2_Eps
LPFNDGVYF,HLA-B*35:01,Positive,Positive,CoV2_Eps
LPIGINITRF,HLA-B*07:02,Positive,Positive,CoV2_Eps
LPIGINITRF,HLA-B*35:01,Positive,Positive,CoV2_Eps
LPKEITVAT,HLA-B*07:02,Positive,Positive,CoV2_Eps
LPKGIMMNV,HLA-B*07:02,Negative|Positive,Positive,CoV2_Eps
LPLTQYNRY,HLA-B*35:01,Positive,Positive,CoV2_Eps
LPNNTASWF,HLA-B*07:02,Positive,Positive,CoV2_Eps
LPPAYTNSF,HLA-B*07:02,Positive,Positive,CoV2_Eps
LPPAYTNSF,HLA-B*35:01,Positive,Positive,CoV2_Eps
LPPLLTDEM,HLA-B*35:01,Positive,Positive,CoV2_Eps
LPVNVAFEL,HLA-B*07:02,Negative,Negative,CoV2_Eps
LPYPDPSRIL,HLA-B*07:02,Positive,Positive,CoV2_Eps
LQELGKYEQY,HLA-A*01:01,Positive,Positive,CoV2_Eps
LQLPQGTTL,HLA-A*02:01,Negative|Positive,Positive,CoV2_Eps
LTAVVIPTK,HLA-A*11:01,Negative,Negative,CoV2_Eps
LTDEMIAQY,HLA-A*01:01,Negative|Positive,Positive,CoV2_Eps
LTDEMIAQY,HLA-B*35:01,Positive,Positive,CoV2_Eps
LTDEMIAQYT,HLA-A*01:01,Positive,Positive,CoV2_Eps
LTNDNTSRY,HLA-A*01:01,Negative,Negative,CoV2_Eps
LVAEWFLAY,HLA-A*26:01,Positive,Positive,CoV2_Eps
LVASIKNFK,HLA-A*03:01,Negative,Negative,CoV2_Eps
LVASIKNFK,HLA-A*11:01,Negative,Negative,CoV2_Eps
LVKNKCVNF,HLA-B*15:01,Positive,Positive,CoV2_Eps
LVKPSFYVY,HLA-B*15:01,Negative,Negative,CoV2_Eps
LVKQGDDYVY,HLA-B*15:01,Positive,Positive,CoV2_Eps
LVSDIDITF,HLA-B*35:01,Positive,Positive,CoV2_Eps
LWLLWPVTL,HLA-A*24:02,Positive,Positive,CoV2_Eps
LWPVTLACF,HLA-A*24:02,Positive,Positive,CoV2_Eps
LYDKLVSSF,HLA-A*24:02,Negative|Positive,Positive,CoV2_Eps
LYLDAYNMM,HLA-A*24:02,Negative,Negative,CoV2_Eps
LYLYALVYF,HLA-A*24:02,Negative|Positive,Positive,CoV2_Eps
LYNSASFSTF,HLA-A*24:02,Negative,Negative,CoV2_Eps
LYQPPQTSI,HLA-A*24:02,Negative|Positive,Positive,CoV2_Eps
LYYQNNVFM,HLA-A*24:02,Positive,Positive,CoV2_Eps
MADQAMTQMY,HLA-A*01:01,Negative,Negative,CoV2_Eps
MELTPVVQTI,HLA-B*40:01,Positive,Positive,CoV2_Eps
MEVTPSGTWL,HLA-B*40:01,Negative|Positive,Positive,CoV2_Eps
MFLARGIVF,HLA-A*02:01,Negative,Negative,CoV2_Eps
MFLARGIVF,HLA-A*24:02,Negative,Negative,CoV2_Eps
MFTPLVPFW,HLA-A*24:02,Negative|Positive,Positive,CoV2_Eps
MIAQYTSAL,HLA-B*07:02,Positive,Positive,CoV2_Eps
MKDLSPRWY,HLA-A*01:01,Negative,Negative,CoV2_Eps
MLDMYSVML,HLA-A*02:01,Negative,Negative,CoV2_Eps
MLSDTLKNL,HLA-A*02:01,Negative,Negative,CoV2_Eps
MMISAGFSL,HLA-A*02:01,Negative|Positive,Positive,CoV2_Eps
MPASWVMRI,HLA-B*07:02,Positive,Positive,CoV2_Eps
MPILTLTRAL,HLA-B*07:02,Negative,Negative,CoV2_Eps
MPLKAPKEI,HLA-B*07:02,Negative,Negative,CoV2_Eps
MPYFFTLLL,HLA-B*07:02,Negative,Negative,CoV2_Eps
MSNLGMPSY,HLA-B*15:01,Positive,Positive,CoV2_Eps
MSYYCKSHK,HLA-A*03:01,Negative,Negative,CoV2_Eps
MSYYCKSHK,HLA-A*11:01,Negative,Negative,CoV2_Eps
MTNRQFHQK,HLA-A*03:01,Negative,Negative,CoV2_Eps
MTNRQFHQK,HLA-A*11:01,Negative,Negative,CoV2_Eps
MTSCCSCLK,HLA-A*03:01,Negative,Negative,CoV2_Eps
MTSCCSCLK,HLA-A*11:01,Negative,Negative,CoV2_Eps
MVMFTPLVPF,HLA-B*15:01,Negative,Negative,CoV2_Eps
MVPHISRQRL,HLA-B*07:02,Negative,Negative,CoV2_Eps
MYASAVVLL,HLA-A*24:02,Negative|Positive,Positive,CoV2_Eps
NATRFASVY,HLA-B*35:01,Positive,Positive,CoV2_Eps
NELSRVLGL,HLA-B*40:01,Positive,Positive,CoV2_Eps
NFKDQVILL,HLA-A*24:02,Negative,Negative,CoV2_Eps
NFNKDFYDF,HLA-A*24:02,Negative,Negative,CoV2_Eps
NIADYNYKL,HLA-A*02:01,Positive,Positive,CoV2_Eps
NIFGTVYEK,HLA-A*01:01,Negative,Negative,CoV2_Eps
NIFGTVYEK,HLA-A*03:01,Negative,Negative,CoV2_Eps
NIFGTVYEK,HLA-A*11:01,Negative,Negative,CoV2_Eps
NIVNVSLVK,HLA-A*03:01,Negative,Negative,CoV2_Eps
NLIDSYFVV,HLA-A*02:01,Positive,Positive,CoV2_Eps
NLIIKNLSK,HLA-A*03:01,Negative,Negative,CoV2_Eps
NLIIKNLSK,HLA-A*11:01,Negative,Negative,CoV2_Eps
NLLKDCPAV,HLA-A*02:01,Negative,Negative,CoV2_Eps
NLLLLFVTV,HLA-A*02:01,Positive,Positive,CoV2_Eps
NLNESLIDL,HLA-A*02:01,Negative|Positive,Positive,CoV2_Eps
NLSDRVVFV,HLA-A*02:01,Negative,Negative,CoV2_Eps
NLWNTFTRL,HLA-A*02:01,Positive,Positive,CoV2_Eps
NPANNAAIVL,HLA-B*07:02,Negative|Positive,Positive,CoV2_Eps
NPIQLSSYSL,HLA-B*07:02,Positive,Positive,CoV2_Eps
NPKTPKYKF,HLA-B*07:02,Positive,Positive,CoV2_Eps
NQKLIANQF,HLA-B*15:01,Positive,Positive,CoV2_Eps
NSASFSTFK,HLA-A*11:01,Negative,Negative,CoV2_Eps
NSFTRGVYY,HLA-A*26:01,Positive,Positive,CoV2_Eps
NSTNVTIATY,HLA-A*26:01,Positive,Positive,CoV2_Eps
NTASWFTAL,HLA-A*02:01,Negative|Positive,Positive,CoV2_Eps
NTCDGTTFTY,HLA-A*01:01,Positive,Positive,CoV2_Eps
NTSNQVAVLY,HLA-A*26:01,Positive,Positive,CoV2_Eps
NTVKSVGKF,HLA-A*26:01,Positive,Positive,CoV2_Eps
NVFAFPFTI,HLA-A*02:01,Negative|Positive,Positive,CoV2_Eps
NVFAFPFTIY,HLA-B*15:01,Negative,Negative,CoV2_Eps
NVPMEKLKTL,HLA-B*07:02,Negative,Negative,CoV2_Eps
NYLKRRVVF,HLA-A*24:02,Negative,Negative,CoV2_Eps
NYMPYFFTL,HLA-A*24:02,Negative|Positive,Positive,CoV2_Eps
NYNYLYRLF,HLA-A*24:02,Negative|Positive,Positive,CoV2_Eps
NYNYRYRLF,HLA-A*24:02,Positive,Positive,CoV2_Eps
PFFSNVTWF,HLA-A*24:02,Negative|Positive,Positive,CoV2_Eps
PFHPLADNKF,HLA-A*24:02,Negative,Negative,CoV2_Eps
PFMIDVQQW,HLA-A*24:02,Positive,Positive,CoV2_Eps
PTDNYITTY,HLA-A*01:01,Negative|Positive,Positive,CoV2_Eps
PYNSVTSSI,HLA-A*24:02,Negative,Negative,CoV2_Eps
PYRVVVLSF,HLA-A*24:02,Negative,Negative,CoV2_Eps
QFAPSASAFF,HLA-A*24:02,Positive,Positive,CoV2_Eps
QFKDNVILL,HLA-A*24:02,Negative,Negative,CoV2_Eps
QGYKSVNITF,HLA-A*24:02,Negative|Positive,Positive,CoV2_Eps
QIPFAMQMAY,HLA-B*35:01,Positive,Positive,CoV2_Eps
QIYKTPPIK,HLA-A*03:01,Negative,Negative,CoV2_Eps
QLRARSVSPK,HLA-A*03:01,Negative|Positive,Positive,CoV2_Eps
QLYLGGMSYY,HLA-B*15:01,Positive,Positive,CoV2_Eps
QPGQTFSVL,HLA-B*07:02,Positive,Positive,CoV2_Eps
QPRVEKKKL,HLA-B*07:02,Negative,Negative,CoV2_Eps
QPTESIVRF,HLA-B*07:02,Positive,Positive,CoV2_Eps
QPTESIVRF,HLA-B*35:01,Positive,Positive,CoV2_Eps
QPYRVVVLSF,HLA-B*07:02,Positive,Positive,CoV2_Eps
QRNAPRITF,HLA-B*27:05,Positive,Positive,CoV2_Eps
QSCTQHQPY,HLA-A*01:01,Positive,Positive,CoV2_Eps
QTFFKLVNK,HLA-A*11:01,Negative,Negative,CoV2_Eps
QTMLFTMLR,HLA-A*11:01,Negative,Negative,CoV2_Eps
QTVKPGNFNK,HLA-A*11:01,Positive,Positive,CoV2_Eps
QVVDMSMTY,HLA-A*01:01,Positive,Positive,CoV2_Eps
QVVDMSMTY,HLA-A*11:01,Positive,Positive,CoV2_Eps
QVVNVVTTK,HLA-A*03:01,Positive,Positive,CoV2_Eps
QVVNVVTTK,HLA-A*11:01,Positive,Positive,CoV2_Eps
QYIDIGNYTV,HLA-A*02:01,Negative,Negative,CoV2_Eps
QYIKWPWYI,HLA-A*24:02,Negative|Positive,Positive,CoV2_Eps
RAFDIYNDK,HLA-A*11:01,Negative,Negative,CoV2_Eps
RARSVSPKL,HLA-B*07:02,Positive,Positive,CoV2_Eps
RASANLAATK,HLA-A*03:01,Positive,Positive,CoV2_Eps
RFDNPVLPF,HLA-A*24:02,Positive,Positive,CoV2_Eps
RFLYIIKLIF,HLA-A*24:02,Positive,Positive,CoV2_Eps
RIDKVLNEK,HLA-A*03:01,Negative,Negative,CoV2_Eps
RIDKVLNEK,HLA-A*11:01,Negative,Negative,CoV2_Eps
RIMTWLDMV,HLA-A*02:01,Positive,Positive,CoV2_Eps
RIRGGDGKM,HLA-B*07:02,Positive,Positive,CoV2_Eps
RLANECAQV,HLA-A*02:01,Negative|Positive,Positive,CoV2_Eps
RLDKVEAEV,HLA-A*02:01,Negative|Positive,Positive,CoV2_Eps
RLFRKSNLK,HLA-A*11:01,Negative,Negative,CoV2_Eps
RLIDAMMFT,HLA-A*02:01,Negative|Positive,Positive,CoV2_Eps
RLISMMGFK,HLA-A*03:01,Negative,Negative,CoV2_Eps
RLISMMGFK,HLA-A*11:01,Negative,Negative,CoV2_Eps
RLNEVAKNL,HLA-A*02:01,Negative|Positive,Positive,CoV2_Eps
RLNQLESKM,HLA-A*02:01,Negative|Positive,Positive,CoV2_Eps
RLNQLESKV,HLA-A*02:01,Negative,Negative,CoV2_Eps
RLQSLQTYV,HLA-A*02:01,Negative|Positive,Positive,CoV2_Eps
RLYYDSMSY,HLA-A*03:01,Negative,Negative,CoV2_Eps
RLYYDSMSY,HLA-A*11:01,Negative,Negative,CoV2_Eps
RLYYDSMSY,HLA-B*15:01,Positive,Positive,CoV2_Eps
RNPAWRKAVF,HLA-B*07:02,Negative,Negative,CoV2_Eps
RPDTRYVLM,HLA-B*07:02,Positive,Positive,CoV2_Eps
RPDTRYVLM,HLA-B*35:01,Positive,Positive,CoV2_Eps
RPLLESELVI,HLA-B*07:02,Negative,Negative,CoV2_Eps
RPNFTIKGSF,HLA-B*07:02,Negative,Negative,CoV2_Eps
RPQGLPNNTA,HLA-B*07:02,Positive,Positive,CoV2_Eps
RPQIGVVREF,HLA-B*07:02,Negative,Negative,CoV2_Eps
RPQIGVVREF,HLA-B*15:01,Positive,Positive,CoV2_Eps
RQEEVQELY,HLA-A*01:01,Negative,Negative,CoV2_Eps
RQEEVQELY,HLA-B*15:01,Negative,Negative,CoV2_Eps
RQFHQKLLK,HLA-A*03:01,Negative,Negative,CoV2_Eps
RQFHQKLLK,HLA-A*11:01,Negative,Negative,CoV2_Eps
RQIAPGQTGK,HLA-A*03:01,Negative,Negative,CoV2_Eps
RQLLFVVEV,HLA-A*02:01,Positive,Positive,CoV2_Eps
RQVVNVVTTK,HLA-A*03:01,Negative,Negative,CoV2_Eps
RQVVNVVTTK,HLA-A*11:01,Negative,Negative,CoV2_Eps
RTAPHGHVM,HLA-B*07:02,Negative,Negative,CoV2_Eps
RTATKAYNV,HLA-A*02:01,Positive,Positive,CoV2_Eps
RTIKVFTTV,HLA-A*02:01,Positive,Positive,CoV2_Eps
RVVRSIFSR,HLA-A*11:01,Negative,Negative,CoV2_Eps
RVYANLGER,HLA-A*03:01,Negative,Negative,CoV2_Eps
RVYSTGSNVF,HLA-A*24:02,Positive,Positive,CoV2_Eps
RVYSTGSNVF,HLA-B*15:01,Positive,Positive,CoV2_Eps
RYFKYWDQTY,HLA-A*24:02,Positive,Positive,CoV2_Eps
RYKLEGYAF,HLA-A*24:02,Negative,Negative,CoV2_Eps
RYMNSQGLL,HLA-A*24:02,Negative,Negative,CoV2_Eps
RYRIGNYKL,HLA-A*24:02,Positive,Positive,CoV2_Eps
SAFAMMFVK,HLA-A*11:01,Negative|Positive,Positive,CoV2_Eps
SALWEIQQVV,HLA-A*02:01,Positive,Positive,CoV2_Eps
SANNCTFEY,HLA-B*35:01,Positive,Positive,CoV2_Eps
SAQCFKMFYK,HLA-A*11:01,Negative,Negative,CoV2_Eps
SASFSTFKCY,HLA-A*01:01,Positive,Positive,CoV2_Eps
SASKIITLK,HLA-A*03:01,Positive,Positive,CoV2_Eps
SASKIITLK,HLA-A*11:01,Positive,Positive,CoV2_Eps
SEDAQGMDNL,HLA-B*40:01,Positive,Positive,CoV2_Eps
SEIIGYKAI,HLA-B*40:01,Positive,Positive,CoV2_Eps
SELLTPLGI,HLA-B*40:01,Positive,Positive,CoV2_Eps
SELVIGAVIL,HLA-B*40:01,Negative|Positive,Positive,CoV2_Eps
SEPVLKGVKL,HLA-B*07:02,Negative,Negative,CoV2_Eps
SFGPLVRKI,HLA-A*24:02,Positive,Positive,CoV2_Eps
SFLPGVYSV,HLA-A*24:02,Positive,Positive,CoV2_Eps
SIIAYTMSL,HLA-A*02:01,Negative|Positive,Positive,CoV2_Eps
SIIQFPNTY,HLA-B*35:01,Positive,Positive,CoV2_Eps
SITAQPVKI,HLA-B*58:01,Positive,Positive,CoV2_Eps
SIVAYTMSL,HLA-A*02:01,Negative,Negative,CoV2_Eps
SLENVAFNV,HLA-A*02:01,Negative|Positive,Positive,CoV2_Eps
SLINTLNDL,HLA-A*02:01,Positive,Positive,CoV2_Eps
SLIYSTAAL,HLA-A*02:01,Positive,Positive,CoV2_Eps
SLLMPILTL,HLA-A*02:01,Negative|Positive,Positive,CoV2_Eps
SLLSVLLSM,HLA-A*02:01,Positive,Positive,CoV2_Eps
SLPGVFCGV,HLA-A*02:01,Positive,Positive,CoV2_Eps
SLVKPSFYV,HLA-A*02:01,Negative,Negative,CoV2_Eps
SLVPGFNEK,HLA-A*03:01,Negative,Negative,CoV2_Eps
SLVPGFNEK,HLA-A*11:01,Negative,Negative,CoV2_Eps
SMMGFKMNY,HLA-A*03:01,Negative,Negative,CoV2_Eps
SMMGFKMNY,HLA-A*11:01,Negative,Negative,CoV2_Eps
SMQGAVDINK,HLA-A*03:01,Negative,Negative,CoV2_Eps
SMWALIISV,HLA-A*02:01,Negative|Positive,Positive,CoV2_Eps
SMWSFNPET,HLA-A*02:01,Positive,Positive,CoV2_Eps
SNSGSDVLY,HLA-A*01:01,Positive,Positive,CoV2_Eps
SPDDQIGYY,HLA-A*01:01,Negative,Negative,CoV2_Eps
SPDDQIGYY,HLA-B*35:01,Positive,Positive,CoV2_Eps
SPIFLIVAA,HLA-B*07:02,Positive,Positive,CoV2_Eps
SPNLAWPLI,HLA-B*07:02,Negative,Negative,CoV2_Eps
SPRRARSVA,HLA-B*07:02,Negative|Positive,Positive,CoV2_Eps
SPRWYFYYL,HLA-B*07:02,Positive,Positive,CoV2_Eps
SPSGVYQCAM,HLA-B*07:02,Negative|Positive,Positive,CoV2_Eps
SQDLSVVSK,HLA-A*11:01,Positive,Positive,CoV2_Eps
SQLGGLHLL,HLA-A*02:01,Negative,Negative,CoV2_Eps
SQRVAGDSGF,HLA-B*15:01,Positive,Positive,CoV2_Eps
SSAKSASVY,HLA-B*15:01,Positive,Positive,CoV2_Eps
SSANNCTFEY,HLA-A*01:01,Positive,Positive,CoV2_Eps
SSNVANYQK,HLA-A*11:01,Negative,Negative,CoV2_Eps
SSTASALGK,HLA-A*11:01,Negative,Negative,CoV2_Eps
SSYSLFDMSK,HLA-A*11:01,Negative,Negative,CoV2_Eps
SSYSLFDMSK,HLA-A*24:02,Negative,Negative,CoV2_Eps
STAALGVLM,HLA-A*26:01,Positive,Positive,CoV2_Eps
STFNVPMEK,HLA-A*03:01,Negative,Negative,CoV2_Eps
STFNVPMEK,HLA-A*11:01,Negative|Positive,Positive,CoV2_Eps
STNVTIATY,HLA-A*01:01,Positive,Positive,CoV2_Eps
STQDLFLPF,HLA-A*01:01,Positive,Positive,CoV2_Eps
STQDLFLPFF,HLA-A*01:01,Positive,Positive,CoV2_Eps
STQLGIEFLK,HLA-A*11:01,Negative,Negative,CoV2_Eps
STSAFVETVK,HLA-A*11:01,Negative,Negative,CoV2_Eps
SVASQSIIAY,HLA-A*26:01,Positive,Positive,CoV2_Eps
SVLNDILSR,HLA-A*11:01,Negative,Negative,CoV2_Eps
SVPWDTIANY,HLA-A*26:01,Positive,Positive,CoV2_Eps
SVVSKVVKV,HLA-A*02:01,Positive,Positive,CoV2_Eps
SVYAWNRKR,HLA-A*03:01,Positive,Positive,CoV2_Eps
SWMESEFRV,HLA-A*24:02,Positive,Positive,CoV2_Eps
SYATHSDKF,HLA-A*24:02,Negative|Positive,Positive,CoV2_Eps
SYFIASFRL,HLA-A*24:02,Negative|Positive,Positive,CoV2_Eps
SYFIASFRLF,HLA-A*24:02,Negative,Negative,CoV2_Eps
SYFVVKRHTF,HLA-A*24:02,Negative,Negative,CoV2_Eps
SYGADLKSF,HLA-A*24:02,Negative,Negative,CoV2_Eps
SYLFQHANL,HLA-A*24:02,Negative,Negative,CoV2_Eps
SYSLFDMSKF,HLA-A*24:02,Positive,Positive,CoV2_Eps
SYYSLLMPI,HLA-A*24:02,Positive,Positive,CoV2_Eps
TEAFEKMVSL,HLA-B*40:01,Negative,Negative,CoV2_Eps
TEILPVSMTK,HLA-A*11:01,Negative,Negative,CoV2_Eps
TEVPANSTVL,HLA-B*40:01,Negative,Negative,CoV2_Eps
TEVVGDIIL,HLA-B*40:01,Positive,Positive,CoV2_Eps
TFEYVSQPF,HLA-A*24:02,Negative,Negative,CoV2_Eps
TFFKLVNKF,HLA-A*03:01,Negative,Negative,CoV2_Eps
TFFKLVNKF,HLA-A*11:01,Negative,Negative,CoV2_Eps
TFFKLVNKF,HLA-A*24:02,Negative,Negative,CoV2_Eps
TFISAARQGF,HLA-A*24:02,Positive,Positive,CoV2_Eps
TFNGECPNF,HLA-A*24:02,Positive,Positive,CoV2_Eps
TFTYASALW,HLA-A*24:02,Negative|Positive,Positive,CoV2_Eps
TIADYNYKL,HLA-A*02:01,Positive,Positive,CoV2_Eps
TICAPLTVF,HLA-B*15:01,Positive,Positive,CoV2_Eps
TIEVNSFSGY,HLA-A*01:01,Positive,Positive,CoV2_Eps
TIFKDASGK,HLA-A*03:01,Negative,Negative,CoV2_Eps
TIFKDASGK,HLA-A*11:01,Negative,Negative,CoV2_Eps
TISLAGSYK,HLA-A*03:01,Positive,Positive,CoV2_Eps
TISLAGSYK,HLA-A*11:01,Positive,Positive,CoV2_Eps
TITQMNLKY,HLA-A*01:01,Positive,Positive,CoV2_Eps
TIWFLLLSV,HLA-A*02:01,Positive,Positive,CoV2_Eps
TKPVETSNSF,HLA-B*07:02,Negative,Negative,CoV2_Eps
TLADAGFIK,HLA-A*03:01,Negative|Positive,Positive,CoV2_Eps
TLADAGFIK,HLA-A*11:01,Negative,Negative,CoV2_Eps
TLDSKTQSL,HLA-A*02:01,Positive,Positive,CoV2_Eps
TLGVLVPHV,HLA-A*02:01,Negative,Negative,CoV2_Eps
TLIGDCATV,HLA-A*02:01,Negative,Negative,CoV2_Eps
TLKGGAPTK,HLA-A*03:01,Negative,Negative,CoV2_Eps
TLKSFTVEK,HLA-A*03:01,Negative,Negative,CoV2_Eps
TLKSFTVEK,HLA-A*11:01,Negative|Positive,Positive,CoV2_Eps
TLNDLNETL,HLA-A*02:01,Negative,Negative,CoV2_Eps
TLVPQEHYV,HLA-A*02:01,Negative|Positive,Positive,CoV2_Eps
TMADLVYAL,HLA-A*02:01,Negative|Positive,Positive,CoV2_Eps
TMLFTMLRK,HLA-A*03:01,Negative,Negative,CoV2_Eps
TNVLEGSVAY,HLA-B*35:01,Positive,Positive,CoV2_Eps
TNYMPYFFTL,HLA-A*24:02,Negative,Negative,CoV2_Eps
TPAFDKSAF,HLA-B*07:02,Negative,Negative,CoV2_Eps
TPCSFGGVSV,HLA-B*07:02,Positive,Positive,CoV2_Eps
TPHTVLQAV,HLA-B*07:02,Negative,Negative,CoV2_Eps
TPINLVRDL,HLA-B*07:02,Negative|Positive,Positive,CoV2_Eps
TPKGPKVKYL,HLA-B*07:02,Negative,Negative,CoV2_Eps
TPLIQPIGAL,HLA-B*07:02,Negative,Negative,CoV2_Eps
TPRDLGACI,HLA-B*07:02,Negative|Positive,Positive,CoV2_Eps
TPSFKKGAKL,HLA-B*07:02,Negative,Negative,CoV2_Eps
TPSGTWLTY,HLA-B*35:01,Positive,Positive,CoV2_Eps
TPVVQTIEV,HLA-B*07:02,Positive,Positive,CoV2_Eps
TQDLFLPFF,HLA-A*24:02,Positive,Positive,CoV2_Eps
TSEDMLNPNY,HLA-A*01:01,Negative|Positive,Positive,CoV2_Eps
TSFGPLVRK,HLA-A*03:01,Positive,Positive,CoV2_Eps
TSFGPLVRK,HLA-A*11:01,Negative,Negative,CoV2_Eps
TSNQVAVLY,HLA-A*01:01,Negative,Negative,CoV2_Eps
TSNQVAVLY,HLA-A*26:01,Positive,Positive,CoV2_Eps
TSNQVAVLY,HLA-B*35:01,Positive,Positive,CoV2_Eps
TSNSFDVLK,HLA-A*11:01,Negative,Negative,CoV2_Eps
TSSGDATTAY,HLA-A*01:01,Positive,Positive,CoV2_Eps
TTDPSFLGRY,HLA-A*01:01,Negative|Positive,Positive,CoV2_Eps
TTIAKNTVK,HLA-A*11:01,Negative|Positive,Positive,CoV2_Eps
TTIKPVTYK,HLA-A*03:01,Negative,Negative,CoV2_Eps
TTIKPVTYK,HLA-A*11:01,Negative,Negative,CoV2_Eps
TVATSRTLSY,HLA-A*01:01,Negative|Positive,Positive,CoV2_Eps
TVDSSQGSEY,HLA-A*01:01,Negative,Negative,CoV2_Eps
TVIEVQGYK,HLA-A*03:01,Negative,Negative,CoV2_Eps
TVIEVQGYK,HLA-A*11:01,Negative,Negative,CoV2_Eps
TVKNGSIHLY,HLA-A*26:01,Positive,Positive,CoV2_Eps
TVKPGNFNK,HLA-A*03:01,Negative,Negative,CoV2_Eps
TVKPGNFNK,HLA-A*11:01,Negative,Negative,CoV2_Eps
TVYEKLKPV,HLA-A*02:01,Positive,Positive,CoV2_Eps
TVYSHLLLV,HLA-A*02:01,Negative|Positive,Positive,CoV2_Eps
TYACWHHSI,HLA-A*24:02,Positive,Positive,CoV2_Eps
TYASALWEI,HLA-A*24:02,Negative|Positive,Positive,CoV2_Eps
TYERHSLSHF,HLA-A*24:02,Positive,Positive,CoV2_Eps
TYKPNTWCI,HLA-A*24:02,Negative,Negative,CoV2_Eps
TYVPAQEKNF,HLA-A*24:02,Negative,Negative,CoV2_Eps
VAAGLEAPF,HLA-B*35:01,Positive,Positive,CoV2_Eps
VAGDSGFAAY,HLA-A*01:01,Negative,Negative,CoV2_Eps
VAKSHNIAL,HLA-B*07:02,Negative|Positive,Positive,CoV2_Eps
VASQSIIAY,HLA-B*15:01,Positive,Positive,CoV2_Eps
VASQSIIAY,HLA-B*35:01,Positive,Positive,CoV2_Eps
VATSRTLSY,HLA-A*01:01,Positive,Positive,CoV2_Eps
VATSRTLSY,HLA-B*35:01,Positive,Positive,CoV2_Eps
VATSRTLSYY,HLA-A*01:01,Positive,Positive,CoV2_Eps
VDDPCPIHFY,HLA-A*01:01,Positive,Positive,CoV2_Eps
VEVQPQLEM,HLA-B*40:01,Positive,Positive,CoV2_Eps
VFKNIDGYF,HLA-A*24:02,Positive,Positive,CoV2_Eps
VFNGVSFSTF,HLA-A*24:02,Negative,Negative,CoV2_Eps
VFVSNGTHW,HLA-A*24:02,Positive,Positive,CoV2_Eps
VFVSNGTHWF,HLA-A*24:02,Positive,Positive,CoV2_Eps
VGYLQPRTFL,HLA-A*24:02,Positive,Positive,CoV2_Eps
VLAAECTIF,HLA-B*15:01,Positive,Positive,CoV2_Eps
VLHDIGNPK,HLA-A*03:01,Negative,Negative,CoV2_Eps
VLKGVKLHY,HLA-B*15:01,Negative,Negative,CoV2_Eps
VLLSVLQQL,HLA-A*02:01,Negative|Positive,Positive,CoV2_Eps
VLNDILSRL,HLA-A*02:01,Negative|Positive,Positive,CoV2_Eps
VLNDILSRL,HLA-A*11:01,Negative,Negative,CoV2_Eps
VLNEKCSAY,HLA-B*15:01,Positive,Positive,CoV2_Eps
VLSEARQHL,HLA-A*02:01,Positive,Positive,CoV2_Eps
VLSGHNLAK,HLA-A*03:01,Negative,Negative,CoV2_Eps
VLTESNKKF,HLA-B*15:01,Positive,Positive,CoV2_Eps
VLWAHGFEL,HLA-A*02:01,Negative,Negative,CoV2_Eps
VMVELVAEL,HLA-A*02:01,Negative|Positive,Positive,CoV2_Eps
VMYASAVVLL,HLA-A*24:02,Positive,Positive,CoV2_Eps
VMYMGTLSY,HLA-A*03:01,Positive,Positive,CoV2_Eps
VPANSTVLSF,HLA-B*07:02,Negative|Positive,Positive,CoV2_Eps
VPFWITIAY,HLA-B*35:01,Positive,Positive,CoV2_Eps
VPGLPGTIL,HLA-B*07:02,Positive,Positive,CoV2_Eps
VPHISRQRL,HLA-B*07:02,Positive,Positive,CoV2_Eps
VPHVGEIPV,HLA-B*07:02,Positive,Positive,CoV2_Eps
VPYCYDTNVL,HLA-B*07:02,Negative,Negative,CoV2_Eps
VPYNMRVIHF,HLA-A*24:02,Negative,Negative,CoV2_Eps
VPYNMRVIHF,HLA-B*07:02,Negative,Negative,CoV2_Eps
VSLVKPSFY,HLA-A*01:01,Negative,Negative,CoV2_Eps
VSSPDAVTAY,HLA-A*01:01,Positive,Positive,CoV2_Eps
VTDTPKGPK,HLA-A*11:01,Positive,Positive,CoV2_Eps
VTDVTQLYL,HLA-A*01:01,Negative,Negative,CoV2_Eps
VTDVTQLYL,HLA-A*03:01,Negative,Negative,CoV2_Eps
VTFQSAVKR,HLA-A*11:01,Negative,Negative,CoV2_Eps
VTLAILTALR,HLA-A*11:01,Negative,Negative,CoV2_Eps
VTNNTFTLK,HLA-A*03:01,Positive,Positive,CoV2_Eps
VTNNTFTLK,HLA-A*11:01,Positive,Positive,CoV2_Eps
VTYVPAQEK,HLA-A*11:01,Negative,Negative,CoV2_Eps
VVAIDYKHY,HLA-B*15:01,Positive,Positive,CoV2_Eps
VVCTEIDPK,HLA-A*11:01,Positive,Positive,CoV2_Eps
VVDKYFDCY,HLA-A*01:01,Negative,Negative,CoV2_Eps
VVDYGARFY,HLA-A*01:01,Negative|Positive,Positive,CoV2_Eps
VVENPTIQK,HLA-A*03:01,Negative,Negative,CoV2_Eps
VVENPTIQK,HLA-A*11:01,Negative,Negative,CoV2_Eps
VVFLHVTYV,HLA-A*02:01,Positive,Positive,CoV2_Eps
VVIPDYNTYK,HLA-A*03:01,Negative,Negative,CoV2_Eps
VVIPDYNTYK,HLA-A*11:01,Negative,Negative,CoV2_Eps
VVNAANVYLK,HLA-A*11:01,Negative,Negative,CoV2_Eps
VVNARLRAK,HLA-A*03:01,Negative,Negative,CoV2_Eps
VVNARLRAK,HLA-A*11:01,Positive,Positive,CoV2_Eps
VVPGLPGTIL,HLA-B*07:02,Negative,Negative,CoV2_Eps
VVQQLPETY,HLA-B*15:01,Positive,Positive,CoV2_Eps
VVSTGYHFR,HLA-A*11:01,Positive,Positive,CoV2_Eps
VVTTKIALK,HLA-A*03:01,Negative|Positive,Positive,CoV2_Eps
VVTTKIALK,HLA-A*11:01,Negative|Positive,Positive,CoV2_Eps
VVVNAANVY,HLA-B*35:01,Positive,Positive,CoV2_Eps
VVYRAFDIY,HLA-B*15:01,Positive,Positive,CoV2_Eps
VVYRGTTTYK,HLA-A*03:01,Negative|Positive,Positive,CoV2_Eps
VVYRGTTTYK,HLA-A*11:01,Positive,Positive,CoV2_Eps
VYANGGKGF,HLA-A*24:02,Negative,Negative,CoV2_Eps
VYDPLQPEL,HLA-A*24:02,Positive,Positive,CoV2_Eps
VYFLQSINF,HLA-A*24:02,Negative|Positive,Positive,CoV2_Eps
VYIGDPAQL,HLA-A*24:02,Negative|Positive,Positive,CoV2_Eps
VYMPASWVM,HLA-A*24:02,Negative|Positive,Positive,CoV2_Eps
VYRGTTTYKL,HLA-A*24:02,Positive,Positive,CoV2_Eps
VYSSANNCTF,HLA-A*24:02,Negative|Positive,Positive,CoV2_Eps
VYSTGSNVF,HLA-A*24:02,Negative,Negative,CoV2_Eps
VYSVIYLYL,HLA-A*03:01,Negative,Negative,CoV2_Eps
VYSVIYLYL,HLA-A*11:01,Negative,Negative,CoV2_Eps
VYSVIYLYL,HLA-A*24:02,Negative,Negative,CoV2_Eps
WEPEFYEAM,HLA-B*40:01,Positive,Positive,CoV2_Eps
WLDMVDTSL,HLA-A*02:01,Negative|Positive,Positive,CoV2_Eps
WLLWPVTLA,HLA-A*02:01,Negative|Positive,Positive,CoV2_Eps
WLMWLIINL,HLA-A*02:01,Negative|Positive,Positive,CoV2_Eps
WLSYFIASF,HLA-B*15:01,Negative,Negative,CoV2_Eps
WSMATYYLF,HLA-A*24:02,Negative|Positive,Positive,CoV2_Eps
WTAGAAAYY,HLA-A*01:01,Negative,Negative,CoV2_Eps
WTAGAAAYY,HLA-A*26:01,Positive,Positive,CoV2_Eps
WTAGAAAYY,HLA-B*35:01,Positive,Positive,CoV2_Eps
WTFGAGAAL,HLA-A*26:01,Positive,Positive,CoV2_Eps
YANRNRFLY,HLA-A*01:01,Positive,Positive,CoV2_Eps
YANRNRFLY,HLA-B*35:01,Positive,Positive,CoV2_Eps
YDYLVSTQEF,HLA-A*24:02,Negative,Negative,CoV2_Eps
YEGNSPFHPL,HLA-B*40:01,Negative|Positive,Positive,CoV2_Eps
YENFNQHEV,HLA-B*40:01,Positive,Positive,CoV2_Eps
YFIASFRLF,HLA-A*24:02,Negative,Negative,CoV2_Eps
YFMRFRRAF,HLA-A*24:02,Positive,Positive,CoV2_Eps
YFPLQSYGF,HLA-A*24:02,Negative|Positive,Positive,CoV2_Eps
YFQPRTFLL,HLA-A*02:01,Negative|Positive,Positive,CoV2_Eps
YFTSDYYQLY,HLA-A*01:01,Positive,Positive,CoV2_Eps
YFVVKRHTF,HLA-A*24:02,Positive,Positive,CoV2_Eps
YIATNGPLK,HLA-A*11:01,Negative|Positive,Positive,CoV2_Eps
YICGFIQQK,HLA-A*11:01,Negative|Positive,Positive,CoV2_Eps
YIDIGNYTV,HLA-A*02:01,Negative|Positive,Positive,CoV2_Eps
YILFTRFFY,HLA-A*11:01,Positive,Positive,CoV2_Eps
YINVFAFPF,HLA-A*02:01,Positive,Positive,CoV2_Eps
YITGGVVQL,HLA-A*02:01,Negative,Negative,CoV2_Eps
YKIEELFYSY,HLA-A*01:01,Positive,Positive,CoV2_Eps
YLASGGQPI,HLA-A*02:01,Negative|Positive,Positive,CoV2_Eps
YLATALLTL,HLA-A*02:01,Positive,Positive,CoV2_Eps
YLDAYNMMI,HLA-A*02:01,Positive,Positive,CoV2_Eps
YLDGADVTKI,HLA-A*02:01,Negative,Negative,CoV2_Eps
YLFDESGEF,HLA-B*15:01,Positive,Positive,CoV2_Eps
YLGTGPEAGL,HLA-A*02:01,Positive,Positive,CoV2_Eps
YLITPVHVM,HLA-A*02:01,Negative|Positive,Positive,CoV2_Eps
YLITPVHVM,HLA-B*15:01,Positive,Positive,CoV2_Eps
YLKLTDNVY,HLA-B*15:01,Positive,Positive,CoV2_Eps
YLNSTNVTI,HLA-A*02:01,Negative,Negative,CoV2_Eps
YLNTLTLAV,HLA-A*02:01,Negative,Negative,CoV2_Eps
YLQLRTFLL,HLA-A*02:01,Negative|Positive,Positive,CoV2_Eps
YLQPRIFLL,HLA-A*02:01,Negative|Positive,Positive,CoV2_Eps
YLQPRTFLL,HLA-A*02:01,Negative|Positive,Positive,CoV2_Eps
YLQPRTFLL,HLA-A*24:02,Positive,Positive,CoV2_Eps
YLQPSTFLL,HLA-A*02:01,Negative,Negative,CoV2_Eps
YLTNDVSFLA,HLA-A*02:01,Positive,Positive,CoV2_Eps
YLYALVYFL,HLA-A*02:01,Negative|Positive,Positive,CoV2_Eps
YMSALNHTK,HLA-A*03:01,Positive,Positive,CoV2_Eps
YNLWNTFTRL,HLA-A*02:01,Positive,Positive,CoV2_Eps
YNSASFSTF,HLA-A*24:02,Negative,Negative,CoV2_Eps
YPQVNGLTSI,HLA-B*07:02,Negative,Negative,CoV2_Eps
YQKVGMQKY,HLA-B*15:01,Negative,Negative,CoV2_Eps
YSYATHSDK,HLA-A*03:01,Negative,Negative,CoV2_Eps
YSYATHSDK,HLA-A*11:01,Negative,Negative,CoV2_Eps
YTELEPPCRF,HLA-A*01:01,Positive,Positive,CoV2_Eps
YTERSEKSY,HLA-A*01:01,Negative,Negative,CoV2_Eps
YTGNYQCGHY,HLA-A*01:01,Positive,Positive,CoV2_Eps
YTMADLVYA,HLA-A*02:01,Negative,Negative,CoV2_Eps
YTNSFTRGVY,HLA-A*01:01,Positive,Positive,CoV2_Eps
YTNSFTRGVY,HLA-A*26:01,Positive,Positive,CoV2_Eps
YTTTIKPVTY,HLA-A*01:01,Positive,Positive,CoV2_Eps
YTTTIKPVTY,HLA-A*26:01,Positive,Positive,CoV2_Eps
YVFTGYRVTK,HLA-A*03:01,Negative,Negative,CoV2_Eps
YVFTGYRVTK,HLA-A*11:01,Negative,Negative,CoV2_Eps
YVNTFSSTF,HLA-A*26:01,Positive,Positive,CoV2_Eps
YVVDDPCPI,HLA-A*02:01,Positive,Positive,CoV2_Eps
YVWKSYVHV,HLA-A*02:01,Negative,Negative,CoV2_Eps
YVYANGGKGF,HLA-A*26:01,Positive,Positive,CoV2_Eps
YVYANGGKGF,HLA-B*15:01,Positive,Positive,CoV2_Eps
YYHTTDPSF,HLA-A*24:02,Negative|Positive,Positive,CoV2_Eps
YYKKDNSYF,HLA-A*24:02,Negative|Positive,Positive,CoV2_Eps
YYPSARIVY,HLA-A*24:02,Positive,Positive,CoV2_Eps
YYQLYSTQL,HLA-A*24:02,Negative|Positive,Positive,CoV2_Eps
YYRRATRRI,HLA-A*24:02,Negative,Negative,CoV2_Eps
YYRSLPGVF,HLA-A*24:02,Negative|Positive,Positive,CoV2_Eps
YYTSNPTTF,HLA-A*24:02,Positive,Positive,CoV2_Eps
