MHC,Peptide,Immunogenicity,Length,Dataset
HLA-A*01:01,ASSFLKSFY,Negative,9,TESLA
HLA-A*01:01,ATLFSDSWYY,Negative,10,TESLA
HLA-A*01:01,CVDWLIAVY,Negative,9,TESLA
HLA-A*01:01,DTDSRFISY,Negative,9,TESLA
HLA-A*01:01,ELTQGYIYFY,Negative,10,TESLA
HLA-A*01:01,ESEPYTFSY,Negative,9,TESLA
HLA-A*01:01,FATCLGLFY,Negative,9,TESLA
HLA-A*01:01,FSDVGEVPY,Negative,9,TESLA
HLA-A*01:01,FSSPTHSLY,Negative,9,TESLA
HLA-A*01:01,FSSPTHSLYV,Negative,10,TESLA
HLA-A*01:01,FTADQKVVY,Negative,9,TESLA
HLA-A*01:01,FTDRERHCF,Negative,9,TESLA
HLA-A*01:01,FTNESYLELY,Positive,10,TESLA
HLA-A*01:01,FTQEDPQMVY,Negative,10,TESLA
HLA-A*01:01,GDTDSRFISY,Negative,10,TESLA
HLA-A*01:01,GTDPLFMFA,Negative,9,TESLA
HLA-A*01:01,IAADGEFLY,Negative,9,TESLA
HLA-A*01:01,IFSSPTHSLY,Negative,10,TESLA
HLA-A*01:01,ILDTAGHEEY,Positive,10,TESLA
HLA-A*01:01,ISEYVSVRFY,Negative,10,TESLA
HLA-A*01:01,ISVATFLPY,Negative,9,TESLA
HLA-A*01:01,LLDEPSAHLY,Negative,10,TESLA
HLA-A*01:01,LSDGPSMGRY,Positive,10,TESLA
HLA-A*01:01,LSGSDNVLY,Negative,9,TESLA
HLA-A*01:01,LTEQYNEKY,Negative,9,TESLA
HLA-A*01:01,LTQGYIYFY,Negative,9,TESLA
HLA-A*01:01,LTVDYATFY,Negative,9,TESLA
HLA-A*01:01,LVDIVLNFY,Negative,9,TESLA
HLA-A*01:01,MLDIIKAIY,Negative,9,TESLA
HLA-A*01:01,PSAEVEMTFY,Negative,10,TESLA
HLA-A*01:01,QLDVSRLWY,Negative,9,TESLA
HLA-A*01:01,RCVDWLIAVY,Negative,10,TESLA
HLA-A*01:01,RSAQKMFTY,Negative,9,TESLA
HLA-A*01:01,SSDCSAWYM,Negative,9,TESLA
HLA-A*01:01,VSCRSVWEY,Negative,9,TESLA
HLA-A*01:01,VSEGGCFCY,Negative,9,TESLA
HLA-A*01:01,WSDIMFEHFY,Negative,10,TESLA
HLA-A*01:01,WSFPYEFLY,Negative,9,TESLA
HLA-A*01:01,YTAEKKSLSE,Negative,10,TESLA
HLA-A*01:01,YTDKSEHATY,Negative,10,TESLA
HLA-A*02:01,ALDHMFMYFL,Positive,10,TESLA
HLA-A*02:01,ALDKNLHQL,Negative,9,TESLA
HLA-A*02:01,ALFELRNISV,Negative,10,TESLA
HLA-A*02:01,ALGVYGGPYV,Negative,10,TESLA
HLA-A*02:01,ALHEEVVCV,Negative,9,TESLA
HLA-A*02:01,ALKEIIPQCI,Negative,10,TESLA
HLA-A*02:01,ALPPTVYEV,Positive,9,TESLA
HLA-A*02:01,ALSDGPIDAV,Negative,10,TESLA
HLA-A*02:01,ALVNQQFLCV,Negative,10,TESLA
HLA-A*02:01,ALWPLAYGV,Negative,9,TESLA
HLA-A*02:01,AVLGSFSYV,Negative,9,TESLA
HLA-A*02:01,AVPGGGMPI,Negative,9,TESLA
HLA-A*02:01,AVYCACFVEL,Negative,10,TESLA
HLA-A*02:01,EMASVLFKA,Negative,9,TESLA
HLA-A*02:01,FHLAELCIEV,Negative,10,TESLA
HLA-A*02:01,FIAEQILATL,Negative,10,TESLA
HLA-A*02:01,FIWLATRRV,Negative,9,TESLA
HLA-A*02:01,FIYLFVTET,Negative,9,TESLA
HLA-A*02:01,FLCNARVKV,Negative,9,TESLA
HLA-A*02:01,FLDEGFSGL,Negative,9,TESLA
HLA-A*02:01,FLDEGFSGLV,Negative,10,TESLA
HLA-A*02:01,FLDKFMEAV,Negative,9,TESLA
HLA-A*02:01,FLDPDLTNI,Positive,9,TESLA
HLA-A*02:01,FLFQEECWHL,Negative,10,TESLA
HLA-A*02:01,FLGSLLILV,Positive,9,TESLA
HLA-A*02:01,FLGSLLILVV,Negative,10,TESLA
HLA-A*02:01,FLLDETEVSV,Negative,10,TESLA
HLA-A*02:01,FLLWKATGV,Negative,9,TESLA
HLA-A*02:01,FLNCDIMLGV,Positive,10,TESLA
HLA-A*02:01,FLNDASACV,Negative,9,TESLA
HLA-A*02:01,FLSEFAGTQL,Negative,10,TESLA
HLA-A*02:01,FLSELEASV,Negative,9,TESLA
HLA-A*02:01,FLTKLVHLV,Negative,9,TESLA
HLA-A*02:01,FLVESQLHL,Negative,9,TESLA
HLA-A*02:01,FLWGSRAHA,Negative,9,TESLA
HLA-A*02:01,FMATYEINV,Negative,9,TESLA
HLA-A*02:01,FMKDGLTGA,Negative,9,TESLA
HLA-A*02:01,FQLPILQPA,Negative,9,TESLA
HLA-A*02:01,FQLRTADWHL,Negative,10,TESLA
HLA-A*02:01,FSDYVQCFL,Negative,9,TESLA
HLA-A*02:01,FVANLFNTYL,Negative,10,TESLA
HLA-A*02:01,FVLASLCLYV,Negative,10,TESLA
HLA-A*02:01,FVLEHEDGL,Negative,9,TESLA
HLA-A*02:01,FYLGSAYHAA,Negative,10,TESLA
HLA-A*02:01,GLFEDTNLFA,Negative,10,TESLA
HLA-A*02:01,GLKDLLNPI,Negative,9,TESLA
HLA-A*02:01,GLSEKCSLV,Negative,9,TESLA
HLA-A*02:01,GLSKYRPAI,Negative,9,TESLA
HLA-A*02:01,GLTFKDVTV,Negative,9,TESLA
HLA-A*02:01,GLYGNLIVL,Positive,9,TESLA
HLA-A*02:01,GMLTNIWTV,Negative,9,TESLA
HLA-A*02:01,GQEGKYDLLV,Negative,10,TESLA
HLA-A*02:01,GQFGKVWMA,Negative,9,TESLA
HLA-A*02:01,HLIGGIQVL,Negative,9,TESLA
HLA-A*02:01,HLMNIAIIA,Negative,9,TESLA
HLA-A*02:01,IFLSELEASV,Negative,10,TESLA
HLA-A*02:01,ILPFFYLGSA,Negative,10,TESLA
HLA-A*02:01,ILPGVFSKL,Negative,9,TESLA
HLA-A*02:01,ILYHGNLVV,Negative,9,TESLA
HLA-A*02:01,IMGQQPAPQV,Negative,10,TESLA
HLA-A*02:01,IVYPTPTPI,Negative,9,TESLA
HLA-A*02:01,KAWENFPNV,Positive,9,TESLA
HLA-A*02:01,KIFLCNARV,Negative,9,TESLA
HLA-A*02:01,KLADFGLAC,Negative,9,TESLA
HLA-A*02:01,KLADFGLACA,Negative,10,TESLA
HLA-A*02:01,KLHVSVEAFV,Negative,10,TESLA
HLA-A*02:01,KLINSQINL,Negative,9,TESLA
HLA-A*02:01,KLKEHLGFAV,Negative,10,TESLA
HLA-A*02:01,KLLEGQPVLL,Negative,10,TESLA
HLA-A*02:01,KLLNCPCPA,Negative,9,TESLA
HLA-A*02:01,KLLSEFFSC,Negative,9,TESLA
HLA-A*02:01,KLLSEFFSCL,Negative,10,TESLA
HLA-A*02:01,KLLSFHSVFT,Negative,10,TESLA
HLA-A*02:01,KLNPSQNVV,Negative,9,TESLA
HLA-A*02:01,KLPYSYNLCV,Negative,10,TESLA
HLA-A*02:01,KLSFLVMII,Negative,9,TESLA
HLA-A*02:01,KLVVVGAAGV,Negative,10,TESLA
HLA-A*02:01,KLYESFYGP,Negative,9,TESLA
HLA-A*02:01,KMGKTIYKYV,Negative,10,TESLA
HLA-A*02:01,KMLDGLESL,Negative,9,TESLA
HLA-A*02:01,KTIQTIVFL,Negative,9,TESLA
HLA-A*02:01,KTIYKYVHL,Negative,9,TESLA
HLA-A*02:01,KTLGIKLSFL,Negative,10,TESLA
HLA-A*02:01,KTLMEVMSKI,Negative,10,TESLA
HLA-A*02:01,KVWAVTEEV,Negative,9,TESLA
HLA-A*02:01,LALPPTVYEV,Negative,10,TESLA
HLA-A*02:01,LIIENRYAV,Negative,9,TESLA
HLA-A*02:01,LLAAGLGRA,Negative,9,TESLA
HLA-A*02:01,LLAKQLYRV,Negative,9,TESLA
HLA-A*02:01,LLAPLIATL,Negative,9,TESLA
HLA-A*02:01,LLDNGTLTI,Negative,9,TESLA
HLA-A*02:01,LLFGPSCAL,Negative,9,TESLA
HLA-A*02:01,LLFTDQHGL,Negative,9,TESLA
HLA-A*02:01,LLFTDQHGLV,Negative,10,TESLA
HLA-A*02:01,LLFYGAVIEV,Negative,10,TESLA
HLA-A*02:01,LLHSGVIGA,Negative,9,TESLA
HLA-A*02:01,LLHSGVIGAV,Negative,10,TESLA
HLA-A*02:01,LLKAGWQNLV,Negative,10,TESLA
HLA-A*02:01,LLLLPLSVA,Negative,9,TESLA
HLA-A*02:01,LLLNGLGLA,Negative,9,TESLA
HLA-A*02:01,LLLPGNNWKV,Negative,10,TESLA
HLA-A*02:01,LLLSSLGYL,Negative,9,TESLA
HLA-A*02:01,LLNDASFISV,Negative,10,TESLA
HLA-A*02:01,LLPGNNWKV,Negative,9,TESLA
HLA-A*02:01,LLQVCWLQSA,Negative,10,TESLA
HLA-A*02:01,LLRMNQSQFI,Negative,10,TESLA
HLA-A*02:01,LLSEFFSCL,Negative,9,TESLA
HLA-A*02:01,LLSFHSVFT,Negative,9,TESLA
HLA-A*02:01,LLSLWVPQV,Negative,9,TESLA
HLA-A*02:01,LLSNELHRL,Negative,9,TESLA
HLA-A*02:01,LLYDHPLKV,Negative,9,TESLA
HLA-A*02:01,LMMHSATSA,Negative,9,TESLA
HLA-A*02:01,LMMHSATSAT,Negative,10,TESLA
HLA-A*02:01,LQDSGLWFPV,Negative,10,TESLA
HLA-A*02:01,LQVCWLQSA,Negative,9,TESLA
HLA-A*02:01,LVADVLSPV,Negative,9,TESLA
HLA-A*02:01,LVAVFRWAV,Negative,9,TESLA
HLA-A*02:01,MLFARHLREV,Negative,10,TESLA
HLA-A*02:01,MLIILAGFL,Negative,9,TESLA
HLA-A*02:01,MLNTSVPNYM,Negative,10,TESLA
HLA-A*02:01,MLPSNYVEA,Negative,9,TESLA
HLA-A*02:01,MLPSNYVEAI,Negative,10,TESLA
HLA-A*02:01,MLVSTMPVV,Negative,9,TESLA
HLA-A*02:01,NILGFTFDI,Negative,9,TESLA
HLA-A*02:01,NLFLFIDKL,Negative,9,TESLA
HLA-A*02:01,NLINEAMDV,Negative,9,TESLA
HLA-A*02:01,NSLLLLPLSV,Negative,10,TESLA
HLA-A*02:01,QLFMATYEI,Negative,9,TESLA
HLA-A*02:01,QLLKFIPSL,Negative,9,TESLA
HLA-A*02:01,QLSSVRCYV,Negative,9,TESLA
HLA-A*02:01,QLVMVLVGGL,Negative,10,TESLA
HLA-A*02:01,RLCLYCGYPV,Negative,10,TESLA
HLA-A*02:01,RLDGFFKNAV,Negative,10,TESLA
HLA-A*02:01,RLIGLMMTA,Negative,9,TESLA
HLA-A*02:01,RLLRGYDQV,Negative,9,TESLA
HLA-A*02:01,RLLRPIYDYL,Negative,10,TESLA
HLA-A*02:01,RLMDSAQVA,Negative,9,TESLA
HLA-A*02:01,RLMGINSTA,Negative,9,TESLA
HLA-A*02:01,RLMGINSTAA,Negative,10,TESLA
HLA-A*02:01,RLPGLILYTL,Negative,10,TESLA
HLA-A*02:01,RLSEVMARM,Negative,9,TESLA
HLA-A*02:01,RLVLQLLEL,Negative,9,TESLA
HLA-A*02:01,RMGQTVIAV,Negative,9,TESLA
HLA-A*02:01,RSFSEVFLV,Negative,9,TESLA
HLA-A*02:01,RTADWHLYL,Negative,9,TESLA
HLA-A*02:01,RVYDALNLL,Positive,9,TESLA
HLA-A*02:01,SEQMDVAFQV,Negative,10,TESLA
HLA-A*02:01,SLCKSILLFL,Negative,10,TESLA
HLA-A*02:01,SLCLYVVVGV,Negative,10,TESLA
HLA-A*02:01,SLHDLTDGV,Negative,9,TESLA
HLA-A*02:01,SLHPSAPFL,Negative,9,TESLA
HLA-A*02:01,SLINSTVIV,Negative,9,TESLA
HLA-A*02:01,SLLAARQLL,Negative,9,TESLA
HLA-A*02:01,SLLLLPLSV,Negative,9,TESLA
HLA-A*02:01,SLLLLPLSVA,Negative,10,TESLA
HLA-A*02:01,SLSEARQDV,Negative,9,TESLA
HLA-A*02:01,SLSSDFNPL,Negative,9,TESLA
HLA-A*02:01,SLSSDFNPLV,Negative,10,TESLA
HLA-A*02:01,SLYELEKEFL,Negative,10,TESLA
HLA-A*02:01,SLYLNTTVL,Negative,9,TESLA
HLA-A*02:01,SQPPAGSEV,Negative,9,TESLA
HLA-A*02:01,SVLSALFSI,Negative,9,TESLA
HLA-A*02:01,TIITQLSSV,Negative,9,TESLA
HLA-A*02:01,TLFHDLWKL,Negative,9,TESLA
HLA-A*02:01,TLGIKLSFLV,Negative,10,TESLA
HLA-A*02:01,TLMEVMSKI,Negative,9,TESLA
HLA-A*02:01,TLYLRNNQLV,Negative,10,TESLA
HLA-A*02:01,TMMCVSRNEL,Negative,10,TESLA
HLA-A*02:01,TVWDFTLEL,Negative,9,TESLA
HLA-A*02:01,VLASLCLYV,Negative,9,TESLA
HLA-A*02:01,VLASLCLYVV,Negative,10,TESLA
HLA-A*02:01,VLFDRLSKL,Negative,9,TESLA
HLA-A*02:01,VLFDRLSKLA,Negative,10,TESLA
HLA-A*02:01,VLFSNESSL,Negative,9,TESLA
HLA-A*02:01,VLLKAGWQNL,Negative,10,TESLA
HLA-A*02:01,VLLSVLIILL,Negative,10,TESLA
HLA-A*02:01,VLMMHSATSA,Negative,10,TESLA
HLA-A*02:01,VLNFYTTFV,Negative,9,TESLA
HLA-A*02:01,VLSALFSIT,Negative,9,TESLA
HLA-A*02:01,VLVADVLSPV,Negative,10,TESLA
HLA-A*02:01,VLWISAFMV,Negative,9,TESLA
HLA-A*02:01,VSVLSALFSI,Negative,10,TESLA
HLA-A*02:01,WLVDFFSPWC,Negative,10,TESLA
HLA-A*02:01,WQLDALDFLV,Negative,10,TESLA
HLA-A*02:01,YAVQDFLHEI,Negative,10,TESLA
HLA-A*02:01,YILDRESPL,Negative,9,TESLA
HLA-A*02:01,YITKRIIAV,Negative,9,TESLA
HLA-A*02:01,YIYNPSLAL,Negative,9,TESLA
HLA-A*02:01,YLAVDALEL,Negative,9,TESLA
HLA-A*02:01,YLDVFVHAI,Negative,9,TESLA
HLA-A*02:01,YLFIKDNEI,Negative,9,TESLA
HLA-A*02:01,YLIIENRYA,Negative,9,TESLA
HLA-A*02:01,YLIIENRYAV,Negative,10,TESLA
HLA-A*02:01,YLLIHGTAV,Negative,9,TESLA
HLA-A*02:01,YLLNDASPI,Negative,9,TESLA
HLA-A*02:01,YLLQKLSCL,Negative,9,TESLA
HLA-A*02:01,YLNEAVFNF,Negative,9,TESLA
HLA-A*02:01,YLNEAVFNFV,Positive,10,TESLA
HLA-A*02:01,YLYHRVDVI,Positive,9,TESLA
HLA-A*02:01,YLYVYKIVSQ,Negative,10,TESLA
HLA-A*02:01,YMPGVGDFA,Negative,9,TESLA
HLA-A*02:01,YMPGVGDFAV,Negative,10,TESLA
HLA-A*02:01,YMWRWKQFL,Negative,9,TESLA
HLA-A*02:01,YQANVVWKV,Positive,9,TESLA
HLA-A*02:01,YQSPDLSKV,Negative,9,TESLA
HLA-A*02:01,YVQCFLAFT,Negative,9,TESLA
HLA-A*02:01,YVYKIVSQL,Negative,9,TESLA
HLA-A*03:01,ADVLSPVLVK,Negative,10,TESLA
HLA-A*03:01,AINRPTVLK,Positive,9,TESLA
HLA-A*03:01,ALLPPPPLAK,Negative,10,TESLA
HLA-A*03:01,ALYFNSQWK,Positive,9,TESLA
HLA-A*03:01,ALYKVEINK,Negative,9,TESLA
HLA-A*03:01,ASFFGVHSK,Negative,9,TESLA
HLA-A*03:01,ATNYIYVLNK,Negative,10,TESLA
HLA-A*03:01,ATRYNYTSEK,Positive,10,TESLA
HLA-A*03:01,AVRVLFPGIK,Negative,10,TESLA
HLA-A*03:01,CRLFPYALHK,Negative,10,TESLA
HLA-A*03:01,CVIDAAVLLK,Negative,10,TESLA
HLA-A*03:01,FIYLFVTETK,Negative,10,TESLA
HLA-A*03:01,GIKAHPVLK,Negative,9,TESLA
HLA-A*03:01,GLLAAGLGR,Negative,9,TESLA
HLA-A*03:01,GLSFHLQSSK,Negative,10,TESLA
HLA-A*03:01,GMLNTSVPNY,Negative,10,TESLA
HLA-A*03:01,GVYTKEFLY,Negative,9,TESLA
HLA-A*03:01,HLFDIQGLPK,Positive,10,TESLA
HLA-A*03:01,ILFRTPSVAK,Positive,10,TESLA
HLA-A*03:01,ILGYWIRTSK,Negative,10,TESLA
HLA-A*03:01,ITGALVLFMK,Negative,10,TESLA
HLA-A*03:01,KAPVGHFYK,Negative,9,TESLA
HLA-A*03:01,KEAADPLAFK,Negative,10,TESLA
HLA-A*03:01,KINRALTAAK,Negative,10,TESLA
HLA-A*03:01,KIVEMSTSK,Positive,9,TESLA
HLA-A*03:01,KIYTGEKPYK,Positive,10,TESLA
HLA-A*03:01,KLHVASLSFR,Negative,10,TESLA
HLA-A*03:01,KLRDEISLAK,Positive,10,TESLA
HLA-A*03:01,KLYKCKVCDK,Negative,10,TESLA
HLA-A*03:01,KMFCAGYPK,Negative,9,TESLA
HLA-A*03:01,KSATRRPVWK,Negative,10,TESLA
HLA-A*03:01,KTYACQQCGK,Negative,10,TESLA
HLA-A*03:01,KVYDIAFSR,Negative,9,TESLA
HLA-A*03:01,LLFGVSALGK,Negative,10,TESLA
HLA-A*03:01,LLFKAGEMRK,Negative,10,TESLA
HLA-A*03:01,LLPPPPLAK,Negative,9,TESLA
HLA-A*03:01,LVYQFKDMLK,Negative,10,TESLA
HLA-A*03:01,MFYAVRWGRK,Negative,10,TESLA
HLA-A*03:01,MLNTSVPNY,Negative,9,TESLA
HLA-A*03:01,RIALWPLAY,Negative,9,TESLA
HLA-A*03:01,RIHTSVKLY,Negative,9,TESLA
HLA-A*03:01,RIPRTVGQK,Negative,9,TESLA
HLA-A*03:01,RKSNRVKTCK,Negative,10,TESLA
HLA-A*03:01,RLFPYALHK,Positive,9,TESLA
HLA-A*03:01,RLFPYALHKW,Negative,10,TESLA
HLA-A*03:01,RLFSALNSHK,Negative,10,TESLA
HLA-A*03:01,RMFLRFQKK,Negative,9,TESLA
HLA-A*03:01,RTGKGQPCNK,Negative,10,TESLA
HLA-A*03:01,RTKYDFTWFK,Negative,10,TESLA
HLA-A*03:01,RTREFTAKK,Positive,9,TESLA
HLA-A*03:01,RVDFSATWYK,Negative,10,TESLA
HLA-A*03:01,RVWDVSGLRK,Negative,10,TESLA
HLA-A*03:01,SLHAHGLSYK,Negative,10,TESLA
HLA-A*03:01,SLSNFPQLK,Negative,9,TESLA
HLA-A*03:01,STLFRVVVAK,Negative,10,TESLA
HLA-A*03:01,SVEAFVCHRK,Negative,10,TESLA
HLA-A*03:01,SVFTSVRRK,Negative,9,TESLA
HLA-A*03:01,TLFRVVVAK,Negative,9,TESLA
HLA-A*03:01,TLWEQFLEK,Negative,9,TESLA
HLA-A*03:01,TSARTENFK,Negative,9,TESLA
HLA-A*03:01,VIDAAVLLK,Negative,9,TESLA
HLA-A*03:01,YLWAAQAEK,Negative,9,TESLA
HLA-A*03:01,YLYCYGYWKK,Negative,10,TESLA
HLA-A*11:01,FTANPPSQTK,Negative,10,TESLA
HLA-A*11:01,GAFMRPITLK,Negative,10,TESLA
HLA-A*11:01,GSNNLILIY,Negative,9,TESLA
HLA-A*11:01,GVLPNYSEGK,Negative,10,TESLA
HLA-A*11:01,ILIYWNPFHR,Negative,10,TESLA
HLA-A*11:01,KIFLCNARVK,Negative,10,TESLA
HLA-A*11:01,KQLYRVFQK,Negative,9,TESLA
HLA-A*11:01,LIYWNPFHR,Negative,9,TESLA
HLA-A*11:01,LSVSDSHVYK,Negative,10,TESLA
HLA-A*11:01,MLSSHIATK,Negative,9,TESLA
HLA-A*11:01,NLWPVPHGLK,Negative,10,TESLA
HLA-A*11:01,RISASCATR,Negative,9,TESLA
HLA-A*11:01,RLLRPIYDY,Negative,9,TESLA
HLA-A*11:01,RSMLFARHLR,Negative,10,TESLA
HLA-A*11:01,SALANPIGK,Negative,9,TESLA
HLA-A*11:01,SMLFARHLR,Negative,9,TESLA
HLA-A*11:01,SPLCNFNIIK,Negative,10,TESLA
HLA-A*11:01,SQYCRPISTK,Negative,10,TESLA
HLA-A*11:01,SSWHTPTLQK,Negative,10,TESLA
HLA-A*11:01,SVSDSHVYK,Negative,9,TESLA
HLA-A*11:01,SVSDSHVYKY,Negative,10,TESLA
HLA-A*11:01,SVTFNGQVFK,Negative,10,TESLA
HLA-A*11:01,TDTGVHATLK,Negative,10,TESLA
HLA-A*11:01,TQCKWQFVAK,Negative,10,TESLA
HLA-A*11:01,TVIAVASSMR,Negative,10,TESLA
HLA-A*11:01,VIAVASSMR,Negative,9,TESLA
HLA-A*11:01,VTFNGQVFK,Negative,9,TESLA
HLA-A*11:01,VVGAAGVGK,Negative,9,TESLA
HLA-A*11:01,VVVGAAGVGK,Negative,10,TESLA
HLA-A*11:01,YSNFISHLAK,Negative,10,TESLA
HLA-A*24:02,AWLLRKNFF,Negative,9,TESLA
HLA-A*24:02,AYGNNCDGI,Negative,9,TESLA
HLA-A*24:02,AYQKAPTKQF,Negative,10,TESLA
HLA-A*24:02,AYYFMVKVW,Negative,9,TESLA
HLA-A*24:02,EYQDMHSYI,Negative,9,TESLA
HLA-A*24:02,IYANMFKKF,Negative,9,TESLA
HLA-A*24:02,LDYVENLAKF,Negative,10,TESLA
HLA-A*24:02,LLYEDVFPVW,Negative,10,TESLA
HLA-A*24:02,LYEDVFPVW,Negative,9,TESLA
HLA-A*24:02,PWQASLFHL,Negative,9,TESLA
HLA-A*24:02,PYLPSPCPP,Negative,9,TESLA
HLA-A*24:02,QPWQASLFHL,Negative,10,TESLA
HLA-A*24:02,RHSPAPFSKF,Negative,10,TESLA
HLA-A*24:02,RMPKLLKSLF,Negative,10,TESLA
HLA-A*24:02,RVVSGAYYF,Negative,9,TESLA
HLA-A*24:02,SLFHLTRLF,Negative,9,TESLA
HLA-A*24:02,SLVPCLPEFF,Negative,10,TESLA
HLA-A*24:02,SQPWQASLF,Negative,9,TESLA
HLA-A*24:02,VFIQTRGGTF,Negative,10,TESLA
HLA-A*24:02,VFPVWEVIW,Negative,9,TESLA
HLA-A*24:02,VYCEEYYLF,Positive,9,TESLA
HLA-A*24:02,VYCEEYYLFS,Negative,10,TESLA
HLA-A*24:02,VYPFYRFRLI,Negative,10,TESLA
HLA-B*07:02,APKVEADESL,Negative,10,TESLA
HLA-B*07:02,ATAAARGPV,Negative,9,TESLA
HLA-B*07:02,CPLQCFQPRL,Negative,10,TESLA
HLA-B*07:02,GPSPSSEAL,Negative,9,TESLA
HLA-B*07:02,GPVEEVRAL,Negative,9,TESLA
HLA-B*07:02,GPVEEVRALL,Negative,10,TESLA
HLA-B*07:02,KPANHRGQL,Negative,9,TESLA
HLA-B*07:02,KPMEAVTVAV,Negative,10,TESLA
HLA-B*07:02,LPGLILYTL,Negative,9,TESLA
HLA-B*07:02,RGPVEEVRAL,Negative,10,TESLA
HLA-B*07:02,RGRMQTASL,Positive,9,TESLA
HLA-B*07:02,RPRRVEIVAL,Negative,10,TESLA
HLA-B*07:02,RPTYEEGFL,Negative,9,TESLA
HLA-B*07:02,RPVGGRPGW,Negative,9,TESLA
HLA-B*07:02,RPVWKLVKV,Negative,9,TESLA
HLA-B*07:02,SPWKDGDEL,Negative,9,TESLA
HLA-B*07:02,VPTLGRGGW,Negative,9,TESLA
HLA-B*27:05,HRDRLIGLMM,Negative,10,TESLA
HLA-B*27:05,HRIELDPSKF,Negative,10,TESLA
HLA-B*27:05,KRACCIPGR,Negative,9,TESLA
HLA-B*27:05,KRACCIPGRR,Negative,10,TESLA
HLA-B*27:05,KRCPGRFVY,Negative,9,TESLA
HLA-B*27:05,KRRPSGFFLF,Negative,10,TESLA
HLA-B*27:05,LRTADWHLY,Negative,9,TESLA
HLA-B*27:05,LRTADWHLYL,Negative,10,TESLA
HLA-B*27:05,NRYAVQDFL,Negative,9,TESLA
HLA-B*27:05,NRYAVQDFLH,Negative,10,TESLA
HLA-B*27:05,RRHIEIRDK,Negative,9,TESLA
HLA-B*27:05,RRPSGFFLF,Negative,9,TESLA
HLA-B*27:05,RRQSMTVKR,Negative,9,TESLA
HLA-B*27:05,RRQSMTVKRE,Negative,10,TESLA
HLA-B*27:05,RRSMLFARH,Positive,9,TESLA
HLA-B*27:05,RRSMLFARHL,Negative,10,TESLA
HLA-B*27:05,SQNQHENDI,Negative,9,TESLA
HLA-B*27:05,SRMGQTVIAV,Negative,10,TESLA
HLA-B*27:05,YRHVHLRSF,Negative,9,TESLA
